[{"id":"110201","nama":"Lawe Alas"},{"id":"110202","nama":"Lawe Sigala-Gala"},{"id":"110203","nama":"Bambel"},{"id":"110204","nama":"Babussalam"},{"id":"110205","nama":"Badar"},{"id":"110206","nama":"Babul Makmur"},{"id":"110207","nama":"Darul Hasanah"},{"id":"110208","nama":"Lawe Bulan"},{"id":"110209","nama":"Bukit Tusam"},{"id":"110210","nama":"Semadam"},{"id":"110211","nama":"Babul Rahmah"},{"id":"110212","nama":"Ketambe"},{"id":"110213","nama":"Deleng Pokhkisen"},{"id":"110214","nama":"Lawe Sumur"},{"id":"110215","nama":"Tanoh Alas"},{"id":"110216","nama":"Leuser"}]