[{"id":"110301","nama":"Darul Aman"},{"id":"110302","nama":"Julok"},{"id":"110303","nama":"Idi Rayeuk"},{"id":"110304","nama":"Birem Bayeun"},{"id":"110305","nama":"Serbajadi"},{"id":"110306","nama":"Nurussalam"},{"id":"110307","nama":"Peureulak"},{"id":"110308","nama":"Rantau Selamat"},{"id":"110309","nama":"Simpang Ulim"},{"id":"110310","nama":"Rantau Peureulak"},{"id":"110311","nama":"Pante Bidari"},{"id":"110312","nama":"Madat"},{"id":"110313","nama":"Indra Makmu"},{"id":"110314","nama":"Idi Tunong"},{"id":"110315","nama":"Banda Alam"},{"id":"110316","nama":"Peudawa"},{"id":"110317","nama":"Peureulak  Timur"},{"id":"110318","nama":"Peureulak Barat"},{"id":"110319","nama":"Sungai Raya"},{"id":"110320","nama":"Simpang Jernih"},{"id":"110321","nama":"Darul Ihsan"},{"id":"110322","nama":"Darul Falah"},{"id":"110323","nama":"Idi Timur"},{"id":"110324","nama":"Peunaron"}]