[{"id":"120301","nama":"Angkola Barat"},{"id":"120302","nama":"Batang Toru"},{"id":"120303","nama":"Angkola Timur"},{"id":"120304","nama":"Sipirok"},{"id":"120305","nama":"Saipar Dolok Hole"},{"id":"120306","nama":"Angkola Selatan"},{"id":"120307","nama":"Batang Angkola"},{"id":"120314","nama":"Arse"},{"id":"120320","nama":"Marancar"},{"id":"120321","nama":"Sayur Matinggi"},{"id":"120322","nama":"Aek Bilah"},{"id":"120329","nama":"Muara Batang Toru"},{"id":"120330","nama":"Tano Tombangan Angkola"},{"id":"120331","nama":"Angkola Sangkunur"},{"id":"120332","nama":"Angkola Muara Tais"}]