[{"id":"120501","nama":"Bahorok"},{"id":"120502","nama":"Salapian"},{"id":"120503","nama":"Kuala"},{"id":"120504","nama":"Sei Bingei"},{"id":"120505","nama":"Binjai"},{"id":"120506","nama":"Selesai"},{"id":"120507","nama":"Stabat"},{"id":"120508","nama":"Wampu"},{"id":"120509","nama":"Secanggang"},{"id":"120510","nama":"Hinai"},{"id":"120511","nama":"Tanjung Pura"},{"id":"120512","nama":"Padang Tualang"},{"id":"120513","nama":"Gebang"},{"id":"120514","nama":"Babalan"},{"id":"120515","nama":"Pangkalan Susu"},{"id":"120516","nama":"Besitang"},{"id":"120517","nama":"Sei Lepan"},{"id":"120518","nama":"Berandan Barat"},{"id":"120519","nama":"Batang Serangan"},{"id":"120520","nama":"Sawit Seberang"},{"id":"120521","nama":"Sirapit"},{"id":"120522","nama":"Kutambaru"},{"id":"120523","nama":"Pematang Jaya"}]