[{"id":"120701","nama":"Gunung Meriah"},{"id":"120702","nama":"Tanjung Morawa"},{"id":"120703","nama":"Sibolangit"},{"id":"120704","nama":"Kutalimbaru"},{"id":"120705","nama":"Pancur Batu"},{"id":"120706","nama":"Namorambe"},{"id":"120707","nama":"Sibiru-biru"},{"id":"120708","nama":"STM Hilir"},{"id":"120709","nama":"Bangun Purba"},{"id":"120719","nama":"Galang"},{"id":"120720","nama":"STM Hulu"},{"id":"120721","nama":"Patumbak"},{"id":"120722","nama":"Deli Tua"},{"id":"120723","nama":"Sunggal"},{"id":"120724","nama":"Hamparan Perak"},{"id":"120725","nama":"Labuhan Deli"},{"id":"120726","nama":"Percut Sei Tuan"},{"id":"120727","nama":"Batang Kuis"},{"id":"120728","nama":"Lubuk Pakam"},{"id":"120731","nama":"Pagar Merbau"},{"id":"120732","nama":"Pantai Labu"},{"id":"120733","nama":"Beringin"}]