[{"id":"120801","nama":"Siantar"},{"id":"120802","nama":"Gunung Malela"},{"id":"120803","nama":"Gunung Maligas"},{"id":"120804","nama":"Panei"},{"id":"120805","nama":"Panombeian Pane"},{"id":"120806","nama":"Jorlang Hataran"},{"id":"120807","nama":"Raya Kahean"},{"id":"120808","nama":"Bosar Maligas"},{"id":"120809","nama":"Sidamanik"},{"id":"120810","nama":"Pematang Sidamanik"},{"id":"120811","nama":"Tanah Jawa"},{"id":"120812","nama":"Hatonduhan"},{"id":"120813","nama":"Dolok Panribuan"},{"id":"120814","nama":"Purba"},{"id":"120815","nama":"Haranggaol Horison"},{"id":"120816","nama":"Girsang Sipangan Bolon"},{"id":"120817","nama":"Dolok Batu Nanggar"},{"id":"120818","nama":"Huta Bayu Raja"},{"id":"120819","nama":"Jawa Maraja Bah Jambi"},{"id":"120820","nama":"Dolok Pardamean"},{"id":"120821","nama":"Pematang Bandar"},{"id":"120822","nama":"Bandar Huluan"},{"id":"120823","nama":"Bandar"},{"id":"120824","nama":"Bandar Masilam"},{"id":"120825","nama":"Silimakuta"},{"id":"120826","nama":"Dolok Silau"},{"id":"120827","nama":"Silou Kahean"},{"id":"120828","nama":"Tapian Dolok"},{"id":"120829","nama":"Raya"},{"id":"120830","nama":"Ujung Padang"},{"id":"120831","nama":"Pamatang Silima Huta"},{"id":"120832","nama":"Dolog Masagal"}]