[{"id":"120908","nama":"Meranti"},{"id":"120909","nama":"Air Joman"},{"id":"120910","nama":"Tanjung Balai"},{"id":"120911","nama":"Sei Kepayang"},{"id":"120912","nama":"Simpang Empat"},{"id":"120913","nama":"Air Batu"},{"id":"120914","nama":"Pulau Rakyat"},{"id":"120915","nama":"Bandar Pulau"},{"id":"120916","nama":"Buntu Pane"},{"id":"120917","nama":"Bandar Pasir Mandoge"},{"id":"120918","nama":"Aek Kuasan"},{"id":"120919","nama":"Kota Kisaran Barat"},{"id":"120920","nama":"Kota Kisaran Timur"},{"id":"120921","nama":"Aek Songsongan"},{"id":"120922","nama":"Rahunig"},{"id":"120923","nama":"Sei Dadap"},{"id":"120924","nama":"Sei Kepayang Barat"},{"id":"120925","nama":"Sei Kepayang Timur"},{"id":"120926","nama":"Tinggi Raja"},{"id":"120927","nama":"Setia Janji"},{"id":"120928","nama":"Silau Laut"},{"id":"120929","nama":"Rawang Panca Arga"},{"id":"120930","nama":"Pulo Bandring"},{"id":"120931","nama":"Teluk Dalam"},{"id":"120932","nama":"Aek Ledong"}]