[{"id":"121101","nama":"Sidikalang"},{"id":"121102","nama":"Sumbul"},{"id":"121103","nama":"Tigalingga"},{"id":"121104","nama":"Siempat Nempu"},{"id":"121105","nama":"Silima Pungga Pungga"},{"id":"121106","nama":"Tanah Pinem"},{"id":"121107","nama":"Siempat Nempu Hulu"},{"id":"121108","nama":"Siempat Nempu Hilir"},{"id":"121109","nama":"Pegagan Hilir"},{"id":"121110","nama":"Parbuluan"},{"id":"121111","nama":"Lae Parira"},{"id":"121112","nama":"Gunung Sitember"},{"id":"121113","nama":"Berampu"},{"id":"121114","nama":"Silahisabungan"},{"id":"121115","nama":"Sitinjo"}]