[{"id":"121301","nama":"Panyabungan"},{"id":"121302","nama":"Panyabungan Utara"},{"id":"121303","nama":"Panyabungan Timur"},{"id":"121304","nama":"Panyabungan Selatan"},{"id":"121305","nama":"Panyabungan Barat"},{"id":"121306","nama":"Siabu"},{"id":"121307","nama":"Bukit Malintang"},{"id":"121308","nama":"Kotanopan"},{"id":"121309","nama":"Lembah Sorik Marapi"},{"id":"121310","nama":"Tambangan"},{"id":"121311","nama":"Ulu Pungkut"},{"id":"121312","nama":"Muara Sipongi"},{"id":"121313","nama":"Batang Natal"},{"id":"121314","nama":"Lingga Bayu"},{"id":"121315","nama":"Batahan"},{"id":"121316","nama":"Natal"},{"id":"121317","nama":"Muara Batang Gadis"},{"id":"121318","nama":"Ranto Baek"},{"id":"121319","nama":"Huta Bargot"},{"id":"121320","nama":"Puncak Sorik Marapi"},{"id":"121321","nama":"Pakantan"},{"id":"121322","nama":"Sinunukan"},{"id":"121323","nama":"Naga Juang"}]