[{"id":"121401","nama":"Lolomatua"},{"id":"121402","nama":"Gomo"},{"id":"121403","nama":"Lahusa"},{"id":"121404","nama":"Hibala"},{"id":"121405","nama":"Pulau-Pulau Batu"},{"id":"121406","nama":"Teluk Dalam"},{"id":"121407","nama":"Amandraya"},{"id":"121408","nama":"Lolowau"},{"id":"121409","nama":"Susua"},{"id":"121410","nama":"Maniamolo"},{"id":"121411","nama":"Hilimegai"},{"id":"121412","nama":"Toma"},{"id":"121413","nama":"Mazino"},{"id":"121414","nama":"Umbunasi"},{"id":"121415","nama":"Aramo"},{"id":"121416","nama":"Pulau-Pulau Batu Timur"},{"id":"121417","nama":"Mazo"},{"id":"121418","nama":"Fanayama"},{"id":"121419","nama":"Ulunoyo"},{"id":"121420","nama":"Huruna"},{"id":"121421","nama":"O'o'u"},{"id":"121422","nama":"Onohazumba"},{"id":"121423","nama":"Hilisalawa'ahe"},{"id":"121424","nama":"Ulususua"},{"id":"121425","nama":"Sidua'ori"},{"id":"121426","nama":"Somambawa"},{"id":"121427","nama":"Boronadu"},{"id":"121428","nama":"Simuk"},{"id":"121429","nama":"Pulau-Pulau Batu Barat"},{"id":"121430","nama":"Pulau-Pulau Batu Utara"},{"id":"121431","nama":"Tanah Masa"},{"id":"121432","nama":"Luahagundre Maniamolo"},{"id":"121433","nama":"Onolalu"},{"id":"121434","nama":"Ulu Idanotae"},{"id":"121435","nama":"Idanotae"}]