[{"id":"130203","nama":"Pantai Cermin"},{"id":"130204","nama":"Lembah Gumanti"},{"id":"130205","nama":"Payung Sekaki"},{"id":"130206","nama":"Lembang Jaya"},{"id":"130207","nama":"Gunung Talang"},{"id":"130208","nama":"Bukit Sundi"},{"id":"130209","nama":"IX Koto Sungai Lasi"},{"id":"130210","nama":"Kubung"},{"id":"130211","nama":"X Koto Singkarak"},{"id":"130212","nama":"X Koto Diatas"},{"id":"130213","nama":"Junjung Sirih"},{"id":"130217","nama":"Hiliran Gumanti"},{"id":"130218","nama":"Tigo Lurah"},{"id":"130219","nama":"Danau Kembar"}]