[{"id":"130501","nama":"Lubuk Alung"},{"id":"130502","nama":"Batang Anai"},{"id":"130503","nama":"Nan Sabaris"},{"id":"130504","nama":"Enam Lingkuang"},{"id":"130505","nama":"VII Koto Sungai Sarik"},{"id":"130506","nama":"V Koto Kampung Dalam"},{"id":"130507","nama":"Sungai Garingging"},{"id":"130508","nama":"Sungai Limau"},{"id":"130509","nama":"IV Koto Aur Malintang"},{"id":"130510","nama":"Ulakan Tapakih"},{"id":"130511","nama":"Sintuak Toboh Gadang"},{"id":"130512","nama":"Padang Sago"},{"id":"130513","nama":"Batang Gasan"},{"id":"130514","nama":"V Koto Timur"},{"id":"130515","nama":"Kayu Tanam"},{"id":"130516","nama":"Patamuan"},{"id":"130517","nama":"Enam Lingkung"}]