[{"id":"130601","nama":"Tanjung Mutiara"},{"id":"130602","nama":"Lubuk Basung"},{"id":"130603","nama":"Tanjung Raya"},{"id":"130604","nama":"Matur"},{"id":"130605","nama":"IV Koto"},{"id":"130606","nama":"Banuhampu"},{"id":"130607","nama":"Ampek Angkek"},{"id":"130608","nama":"Baso"},{"id":"130609","nama":"Tilatang Kamang"},{"id":"130610","nama":"Palupuh"},{"id":"130611","nama":"Pelembayan"},{"id":"130612","nama":"Sungai Pua"},{"id":"130613","nama":"Ampek Nagari"},{"id":"130614","nama":"Candung"},{"id":"130615","nama":"Kamang Magek"},{"id":"130616","nama":"Malalak"}]