[{"id":"140101","nama":"Bangkinang Kota"},{"id":"140102","nama":"Kampar"},{"id":"140103","nama":"Tambang"},{"id":"140104","nama":"XIII Koto Kampar"},{"id":"140105","nama":"Kuok"},{"id":"140106","nama":"Siak Hulu"},{"id":"140107","nama":"Kampar Kiri"},{"id":"140108","nama":"Kampar Kiri Hilir"},{"id":"140109","nama":"Kampar Kiri Hulu"},{"id":"140110","nama":"Tapung"},{"id":"140111","nama":"Tapung Hilir"},{"id":"140112","nama":"Tapung Hulu"},{"id":"140113","nama":"Salo"},{"id":"140114","nama":"Rumbio Jaya"},{"id":"140115","nama":"Bangkinang"},{"id":"140116","nama":"Perhentian Raja"},{"id":"140117","nama":"Kampa"},{"id":"140118","nama":"Kampar Utara"},{"id":"140119","nama":"Kampar Kiri Tengah"},{"id":"140120","nama":"Gunung Sahilan"},{"id":"140121","nama":"Koto Kampar Hulu"}]