[{"id":"140701","nama":"Kubu"},{"id":"140702","nama":"Bangko"},{"id":"140703","nama":"Tanah Putih"},{"id":"140704","nama":"Rimba Melintang"},{"id":"140705","nama":"Bagan Sinembah"},{"id":"140706","nama":"Pasir Limau Kapas"},{"id":"140707","nama":"Sinaboi"},{"id":"140708","nama":"Pujud"},{"id":"140709","nama":"Tanah Putih Tanjung Melawan"},{"id":"140710","nama":"Bangko Pusako"},{"id":"140711","nama":"Simpang Kanan"},{"id":"140712","nama":"Batu Hampar"},{"id":"140713","nama":"Rantau Kopar"},{"id":"140714","nama":"Pekaitan"},{"id":"140715","nama":"Kubu Babussalam"},{"id":"140716","nama":"Tanjung Medan"},{"id":"140717","nama":"Bagan Sinembah Raya"},{"id":"140718","nama":"Balai Jaya"}]