[{"id":"150101","nama":"Gunung Raya"},{"id":"150102","nama":"Danau Kerinci"},{"id":"150104","nama":"Sitinjau Laut"},{"id":"150105","nama":"Air Hangat"},{"id":"150106","nama":"Gunung Kerinci"},{"id":"150107","nama":"Batang Merangin"},{"id":"150108","nama":"Keliling Danau"},{"id":"150109","nama":"Kayu Aro"},{"id":"150111","nama":"Air Hangat Timur"},{"id":"150115","nama":"Gunung Tujuh"},{"id":"150116","nama":"Siulak"},{"id":"150117","nama":"Depati Tujuh"},{"id":"150118","nama":"Siulak Mukai"},{"id":"150119","nama":"Kayu Aro Barat"},{"id":"150120","nama":"Bukitkerman"},{"id":"150121","nama":"Air Hangat Barat"}]