[{"id":"160301","nama":"Tanjung Agung"},{"id":"160302","nama":"Muara Enim"},{"id":"160303","nama":"Rambang Dangku"},{"id":"160304","nama":"Gunung Megang"},{"id":"160306","nama":"Gelumbang"},{"id":"160307","nama":"Lawang Kidul"},{"id":"160308","nama":"Semende Darat Laut"},{"id":"160309","nama":"Semende Darat Tengah"},{"id":"160310","nama":"Semende Darat Ulu"},{"id":"160311","nama":"Ujan Mas"},{"id":"160314","nama":"Lubai"},{"id":"160315","nama":"Rambang"},{"id":"160316","nama":"Sungai Rotan"},{"id":"160317","nama":"Lembak"},{"id":"160319","nama":"Benakat"},{"id":"160321","nama":"Kelekar"},{"id":"160322","nama":"Muara Belida"},{"id":"160323","nama":"Belimbing"},{"id":"160324","nama":"Belida Darat"},{"id":"160325","nama":"Lubai Ulu"},{"id":"160326","nama":"Empat Petulai Dangku"},{"id":"160327","nama":"Panang Enim"}]