[{"id":"160401","nama":"Tanjungsakti Pumu"},{"id":"160406","nama":"Jarai"},{"id":"160407","nama":"Kota Agung"},{"id":"160408","nama":"Pulaupinang"},{"id":"160409","nama":"Merapi Barat"},{"id":"160410","nama":"Lahat"},{"id":"160412","nama":"Pajar Bulan"},{"id":"160415","nama":"Mulak Ulu"},{"id":"160416","nama":"Kikim Selatan"},{"id":"160417","nama":"Kikim Timur"},{"id":"160418","nama":"Kikim Tengah"},{"id":"160419","nama":"Kikim Barat"},{"id":"160420","nama":"Pseksu"},{"id":"160421","nama":"Gumay Talang"},{"id":"160422","nama":"Pagar Gunung"},{"id":"160423","nama":"Merapi Timur"},{"id":"160424","nama":"Tanjung Sakti Pumi"},{"id":"160425","nama":"Gumay Ulu"},{"id":"160426","nama":"Merapi Selatan"},{"id":"160427","nama":"Tanjungtebat"},{"id":"160428","nama":"Muarapayang"},{"id":"160429","nama":"Sukamerindu"},{"id":"160430","nama":"Mulak Sebingkai"},{"id":"160431","nama":"Lahat Selatan"}]