[{"id":"161001","nama":"Muara Kuang"},{"id":"161002","nama":"Tanjung Batu"},{"id":"161003","nama":"Tanjung Raja"},{"id":"161004","nama":"Indralaya"},{"id":"161005","nama":"Pemulutan"},{"id":"161006","nama":"Rantau Alai"},{"id":"161007","nama":"Indralaya Utara"},{"id":"161008","nama":"Indralaya Selatan"},{"id":"161009","nama":"Pemulutan Selatan"},{"id":"161010","nama":"Pemulutan Barat"},{"id":"161011","nama":"Rantau Panjang"},{"id":"161012","nama":"Sungai Pinang"},{"id":"161013","nama":"Kandis"},{"id":"161014","nama":"Rambang Kuang"},{"id":"161015","nama":"Lubuk Keliat"},{"id":"161016","nama":"Payaraman"}]