[{"id":"170206","nama":"Kota Padang"},{"id":"170207","nama":"Padang Ulak Tanding"},{"id":"170208","nama":"Sindang Kelingi"},{"id":"170209","nama":"Curup"},{"id":"170210","nama":"Bermani Ulu"},{"id":"170211","nama":"Selupu Rejang"},{"id":"170216","nama":"Curup Utara"},{"id":"170217","nama":"Curup Timur"},{"id":"170218","nama":"Curup Selatan"},{"id":"170219","nama":"Curup Tengah"},{"id":"170220","nama":"Binduriang"},{"id":"170221","nama":"Sindang Beliti Ulu"},{"id":"170222","nama":"Sindang Dataran"},{"id":"170223","nama":"Sindang Beliti Ilir"},{"id":"170224","nama":"Bermani Ulu Raya"}]