[{"id":"170301","nama":"Enggano"},{"id":"170306","nama":"Kerkap"},{"id":"170307","nama":"Kota Arga Makmur"},{"id":"170308","nama":"Giri Mulya"},{"id":"170309","nama":"Padang Jaya"},{"id":"170310","nama":"Lais"},{"id":"170311","nama":"Batik Nau"},{"id":"170312","nama":"Ketahun"},{"id":"170313","nama":"Napal Putih"},{"id":"170314","nama":"Putri Hijau"},{"id":"170315","nama":"Air Besi"},{"id":"170316","nama":"Air Napal"},{"id":"170319","nama":"Hulu Palik"},{"id":"170320","nama":"Air Padang"},{"id":"170321","nama":"Arma Jaya"},{"id":"170322","nama":"Tanjung Agung Palik"},{"id":"170323","nama":"Ulok Kupai"},{"id":"170324","nama":"Pinang Raya"},{"id":"170325","nama":"Marga Sakti Sebelat"}]