[{"id":"170401","nama":"Kinal"},{"id":"170402","nama":"Tanjung Kemuning"},{"id":"170403","nama":"Kaur Utara"},{"id":"170404","nama":"Kaur Tengah"},{"id":"170405","nama":"Kaur Selatan"},{"id":"170406","nama":"Maje"},{"id":"170407","nama":"Nasal"},{"id":"170408","nama":"Semidang Gumay"},{"id":"170409","nama":"Kelam Tengah"},{"id":"170410","nama":"Luas"},{"id":"170411","nama":"Muara Sahung"},{"id":"170412","nama":"Tetap"},{"id":"170413","nama":"Lungkang Kule"},{"id":"170414","nama":"Padang Guci Hilir"},{"id":"170415","nama":"Padang Guci Hulu"}]