[{"id":"180104","nama":"Natar"},{"id":"180105","nama":"Tanjung Bintang"},{"id":"180106","nama":"Kalianda"},{"id":"180107","nama":"Sidomulyo"},{"id":"180108","nama":"Katibung"},{"id":"180109","nama":"Penengahan"},{"id":"180110","nama":"Palas"},{"id":"180113","nama":"Jati Agung"},{"id":"180114","nama":"Ketapang"},{"id":"180115","nama":"Sragi"},{"id":"180116","nama":"Raja Basa"},{"id":"180117","nama":"Candipuro"},{"id":"180118","nama":"Merbau Mataram"},{"id":"180121","nama":"Bakauheni"},{"id":"180122","nama":"Tanjung Sari"},{"id":"180123","nama":"Way Sulan"},{"id":"180124","nama":"Way Panji"}]