[{"id":"180301","nama":"Bukit Kemuning"},{"id":"180302","nama":"Kotabumi"},{"id":"180303","nama":"Sungkai Selatan"},{"id":"180304","nama":"Tanjung Raja"},{"id":"180305","nama":"Abung Timur"},{"id":"180306","nama":"Abung Barat"},{"id":"180307","nama":"Abung Selatan"},{"id":"180308","nama":"Sungkai Utara"},{"id":"180309","nama":"Kotabumi Utara"},{"id":"180310","nama":"Kotabumi Selatan"},{"id":"180311","nama":"Abung Tengah"},{"id":"180312","nama":"Abung Tinggi"},{"id":"180313","nama":"Abung Semuli"},{"id":"180314","nama":"Abung Surakarta"},{"id":"180315","nama":"Muara Sungkai"},{"id":"180316","nama":"Bunga Mayang"},{"id":"180317","nama":"Hulu Sungkai"},{"id":"180318","nama":"Sungkai Tengah"},{"id":"180319","nama":"Abung Pekurun"},{"id":"180320","nama":"Sungkai Jaya"},{"id":"180321","nama":"Sungkai Barat"},{"id":"180322","nama":"Abung Kunang"},{"id":"180323","nama":"Blambangan Pagar"}]