[{"id":"180404","nama":"Balik Bukit"},{"id":"180405","nama":"Sumber Jaya"},{"id":"180406","nama":"Belalau"},{"id":"180407","nama":"Way Tenong"},{"id":"180408","nama":"Sekincau"},{"id":"180409","nama":"Suoh"},{"id":"180410","nama":"Batu Brak"},{"id":"180411","nama":"Sukau"},{"id":"180415","nama":"Gedung Surian"},{"id":"180418","nama":"Kebun Tebu"},{"id":"180419","nama":"Air Hitam"},{"id":"180420","nama":"Pagar Dewa"},{"id":"180421","nama":"Batu Ketulis"},{"id":"180422","nama":"Lumbok Seminung"},{"id":"180423","nama":"Bandar Negeri Suoh"}]