[{"id":"180601","nama":"Kota Agung"},{"id":"180602","nama":"Talang Padang"},{"id":"180603","nama":"Wonosobo"},{"id":"180604","nama":"Pulau Panggung"},{"id":"180609","nama":"Cukuh Balak"},{"id":"180611","nama":"Pugung"},{"id":"180612","nama":"Semaka"},{"id":"180613","nama":"Sumber Rejo"},{"id":"180615","nama":"Ulu Belu"},{"id":"180616","nama":"Pematang Sawa"},{"id":"180617","nama":"Klumbayan"},{"id":"180618","nama":"Kota Agung Barat"},{"id":"180619","nama":"Kota Agung Timur"},{"id":"180620","nama":"Gisting"},{"id":"180621","nama":"Gunung Alip"},{"id":"180624","nama":"Limau"},{"id":"180625","nama":"Bandar Negeri Semuong"},{"id":"180626","nama":"Air Naningan"},{"id":"180627","nama":"Bulok"},{"id":"180628","nama":"Klumbayan Barat"}]