[{"id":"180701","nama":"Sukadana"},{"id":"180702","nama":"Labuhan Maringgai"},{"id":"180703","nama":"Jabung"},{"id":"180704","nama":"Pekalongan"},{"id":"180705","nama":"Sekampung"},{"id":"180706","nama":"Batanghari"},{"id":"180707","nama":"Way Jepara"},{"id":"180708","nama":"Purbolinggo"},{"id":"180709","nama":"Raman Utara"},{"id":"180710","nama":"Metro Kibang"},{"id":"180711","nama":"Marga Tiga"},{"id":"180712","nama":"Sekampung Udik"},{"id":"180713","nama":"Batanghari Nuban"},{"id":"180714","nama":"Bumi Agung"},{"id":"180715","nama":"Bandar Sribhawono"},{"id":"180716","nama":"Mataram Baru"},{"id":"180717","nama":"Melinting"},{"id":"180718","nama":"Gunung Pelindung"},{"id":"180719","nama":"Pasir Sakti"},{"id":"180720","nama":"Waway Karya"},{"id":"180721","nama":"Labuhan Ratu"},{"id":"180722","nama":"Braja Selebah"},{"id":"180723","nama":"Way Bungur"},{"id":"180724","nama":"Marga Sekampung"}]