[{"id":"180801","nama":"Blambangan Umpu"},{"id":"180802","nama":"Kasui"},{"id":"180803","nama":"Banjit"},{"id":"180804","nama":"Baradatu"},{"id":"180805","nama":"Bahuga"},{"id":"180806","nama":"Pakuan Ratu"},{"id":"180807","nama":"Negeri Agung"},{"id":"180808","nama":"Way Tuba"},{"id":"180809","nama":"Rebang Tangkas"},{"id":"180810","nama":"Gunung Labuhan"},{"id":"180811","nama":"Negara Batin"},{"id":"180812","nama":"Negeri Besar"},{"id":"180813","nama":"Buay Bahuga"},{"id":"180814","nama":"Bumi Agung"}]