[{"id":"187101","nama":"Kedaton"},{"id":"187102","nama":"Sukarame"},{"id":"187103","nama":"Tanjungkarang Barat"},{"id":"187104","nama":"Panjang"},{"id":"187105","nama":"Tanjungkarang Timur"},{"id":"187106","nama":"Tanjungkarang Pusat"},{"id":"187107","nama":"Telukbetung Selatan"},{"id":"187108","nama":"Telukbetung Barat"},{"id":"187109","nama":"Telukbetung Utara"},{"id":"187110","nama":"Rajabasa"},{"id":"187111","nama":"Tanjung Senang"},{"id":"187112","nama":"Sukabumi"},{"id":"187113","nama":"Kemiling"},{"id":"187114","nama":"Labuhan Ratu"},{"id":"187115","nama":"Way Halim"},{"id":"187116","nama":"Langkapura"},{"id":"187117","nama":"Enggal"},{"id":"187118","nama":"Kedamaian"},{"id":"187119","nama":"Telukbetung Timur"},{"id":"187120","nama":"Bumi Waras"}]