[{"id":"320201","nama":"Palabuhanratu"},{"id":"320202","nama":"Simpenan"},{"id":"320203","nama":"Cikakak"},{"id":"320204","nama":"Bantargadung"},{"id":"320205","nama":"Cisolok"},{"id":"320206","nama":"Cikidang"},{"id":"320207","nama":"Lengkong"},{"id":"320208","nama":"Jampangtengah"},{"id":"320209","nama":"Warungkiara"},{"id":"320210","nama":"Cikembar"},{"id":"320211","nama":"Cibadak"},{"id":"320212","nama":"Nagrak"},{"id":"320213","nama":"Parungkuda"},{"id":"320214","nama":"Bojonggenteng"},{"id":"320215","nama":"Parakansalak"},{"id":"320216","nama":"Cicurug"},{"id":"320217","nama":"Cidahu"},{"id":"320218","nama":"Kalapanunggal"},{"id":"320219","nama":"Kabandungan"},{"id":"320220","nama":"Waluran"},{"id":"320221","nama":"Jampangkulon"},{"id":"320222","nama":"Ciemas"},{"id":"320223","nama":"Kalibunder"},{"id":"320224","nama":"Surade"},{"id":"320225","nama":"Cibitung"},{"id":"320226","nama":"Ciracap"},{"id":"320227","nama":"Gunungguruh"},{"id":"320228","nama":"Cicantayan"},{"id":"320229","nama":"Cisaat"},{"id":"320230","nama":"Kadudampit"},{"id":"320231","nama":"Caringin"},{"id":"320232","nama":"Sukabumi"},{"id":"320233","nama":"Sukaraja"},{"id":"320234","nama":"Kebonpedes"},{"id":"320235","nama":"Cireunghas"},{"id":"320236","nama":"Sukalarang"},{"id":"320237","nama":"Pabuaran"},{"id":"320238","nama":"Purabaya"},{"id":"320239","nama":"Nyalindung"},{"id":"320240","nama":"Gegerbitung"},{"id":"320241","nama":"Sagaranten"},{"id":"320242","nama":"Curugkembar"},{"id":"320243","nama":"Cidolog"},{"id":"320244","nama":"Cidadap"},{"id":"320245","nama":"Tegalbuleud"},{"id":"320246","nama":"Cimanggu"},{"id":"320247","nama":"Ciambar"}]