[{"id":"320501","nama":"Garut Kota"},{"id":"320502","nama":"Karangpawitan"},{"id":"320503","nama":"Wanaraja"},{"id":"320504","nama":"Tarogong Kaler"},{"id":"320505","nama":"Tarogong Kidul"},{"id":"320506","nama":"Banyuresmi"},{"id":"320507","nama":"Samarang"},{"id":"320508","nama":"Pasirwangi"},{"id":"320509","nama":"Leles"},{"id":"320510","nama":"Kadungora"},{"id":"320511","nama":"Leuwigoong"},{"id":"320512","nama":"Cibatu"},{"id":"320513","nama":"Kersamanah"},{"id":"320514","nama":"Malangbong"},{"id":"320515","nama":"Sukawening"},{"id":"320516","nama":"Karangtengah"},{"id":"320517","nama":"Bayongbong"},{"id":"320518","nama":"Cigedug"},{"id":"320519","nama":"Cilawu"},{"id":"320520","nama":"Cisurupan"},{"id":"320521","nama":"Sukaresmi"},{"id":"320522","nama":"Cikajang"},{"id":"320523","nama":"Banjarwangi"},{"id":"320524","nama":"Singajaya"},{"id":"320525","nama":"Cihurip"},{"id":"320526","nama":"Peundeuy"},{"id":"320527","nama":"Pameungpeuk"},{"id":"320528","nama":"Cisompet"},{"id":"320529","nama":"Cibalong"},{"id":"320530","nama":"Cikelet"},{"id":"320531","nama":"Bungbulang"},{"id":"320532","nama":"Mekarmukti"},{"id":"320533","nama":"Pakenjeng"},{"id":"320534","nama":"Pamulihan"},{"id":"320535","nama":"Cisewu"},{"id":"320536","nama":"Caringin"},{"id":"320537","nama":"Talegong"},{"id":"320538","nama":"Bl. Limbangan"},{"id":"320539","nama":"Selaawi"},{"id":"320540","nama":"Cibiuk"},{"id":"320541","nama":"Pangatikan"},{"id":"320542","nama":"Sucinaraja"}]