[{"id":"320601","nama":"Cipatujah"},{"id":"320602","nama":"Karangnunggal"},{"id":"320603","nama":"Cikalong"},{"id":"320604","nama":"Pancatengah"},{"id":"320605","nama":"Cikatomas"},{"id":"320606","nama":"Cibalong"},{"id":"320607","nama":"Parungponteng"},{"id":"320608","nama":"Bantarkalong"},{"id":"320609","nama":"Bojongasih"},{"id":"320610","nama":"Culamega"},{"id":"320611","nama":"Bojonggambir"},{"id":"320612","nama":"Sodonghilir"},{"id":"320613","nama":"Taraju"},{"id":"320614","nama":"Salawu"},{"id":"320615","nama":"Puspahiang"},{"id":"320616","nama":"Tanjungjaya"},{"id":"320617","nama":"Sukaraja"},{"id":"320618","nama":"Salopa"},{"id":"320619","nama":"Jatiwaras"},{"id":"320620","nama":"Cineam"},{"id":"320621","nama":"Karang Jaya"},{"id":"320622","nama":"Manonjaya"},{"id":"320623","nama":"Gunung Tanjung"},{"id":"320624","nama":"Singaparna"},{"id":"320625","nama":"Mangunreja"},{"id":"320626","nama":"Sukarame"},{"id":"320627","nama":"Cigalontang"},{"id":"320628","nama":"Leuwisari"},{"id":"320629","nama":"Padakembang"},{"id":"320630","nama":"Sariwangi"},{"id":"320631","nama":"Sukaratu"},{"id":"320632","nama":"Cisayong"},{"id":"320633","nama":"Sukahening"},{"id":"320634","nama":"Rajapolah"},{"id":"320635","nama":"Jamanis"},{"id":"320636","nama":"Ciawi"},{"id":"320637","nama":"Kadipaten"},{"id":"320638","nama":"Pagerageung"},{"id":"320639","nama":"Sukaresik"}]