[{"id":"320701","nama":"Ciamis"},{"id":"320702","nama":"Cikoneng"},{"id":"320703","nama":"Cijeungjing"},{"id":"320704","nama":"Sadananya"},{"id":"320705","nama":"Cidolog"},{"id":"320706","nama":"Cihaurbeuti"},{"id":"320707","nama":"Panumbangan"},{"id":"320708","nama":"Panjalu"},{"id":"320709","nama":"Kawali"},{"id":"320710","nama":"Panawangan"},{"id":"320711","nama":"Cipaku"},{"id":"320712","nama":"Jatinagara"},{"id":"320713","nama":"Rajadesa"},{"id":"320714","nama":"Sukadana"},{"id":"320715","nama":"Rancah"},{"id":"320716","nama":"Tambaksari"},{"id":"320717","nama":"Lakbok"},{"id":"320718","nama":"Banjarsari"},{"id":"320719","nama":"Pamarican"},{"id":"320729","nama":"Cimaragas"},{"id":"320730","nama":"Cisaga"},{"id":"320731","nama":"Sindangkasih"},{"id":"320732","nama":"Baregbeg"},{"id":"320733","nama":"Sukamantri"},{"id":"320734","nama":"Lumbung"},{"id":"320735","nama":"Purwadadi"},{"id":"320737","nama":"Banjaranyar"}]