[{"id":"320801","nama":"Kadugede"},{"id":"320802","nama":"Ciniru"},{"id":"320803","nama":"Subang"},{"id":"320804","nama":"Ciwaru"},{"id":"320805","nama":"Cibingbin"},{"id":"320806","nama":"Luragung"},{"id":"320807","nama":"Lebakwangi"},{"id":"320808","nama":"Garawangi"},{"id":"320809","nama":"Kuningan"},{"id":"320810","nama":"Ciawigebang"},{"id":"320811","nama":"Cidahu"},{"id":"320812","nama":"Jalaksana"},{"id":"320813","nama":"Cilimus"},{"id":"320814","nama":"Mandirancan"},{"id":"320815","nama":"Selajambe"},{"id":"320816","nama":"Kramatmulya"},{"id":"320817","nama":"Darma"},{"id":"320818","nama":"Cigugur"},{"id":"320819","nama":"Pasawahan"},{"id":"320820","nama":"Nusaherang"},{"id":"320821","nama":"Cipicung"},{"id":"320822","nama":"Pancalang"},{"id":"320823","nama":"Japara"},{"id":"320824","nama":"Cimahi"},{"id":"320825","nama":"Cilebak"},{"id":"320826","nama":"Hantara"},{"id":"320827","nama":"Kalimanggis"},{"id":"320828","nama":"Cibeureum"},{"id":"320829","nama":"Karang Kancana"},{"id":"320830","nama":"Maleber"},{"id":"320831","nama":"Sindang Agung"},{"id":"320832","nama":"Cigandamekar"}]