[{"id":"320901","nama":"Waled"},{"id":"320902","nama":"Ciledug"},{"id":"320903","nama":"Losari"},{"id":"320904","nama":"Pabedilan"},{"id":"320905","nama":"Babakan"},{"id":"320906","nama":"Karangsembung"},{"id":"320907","nama":"Lemahabang"},{"id":"320908","nama":"Susukan Lebak"},{"id":"320909","nama":"Sedong"},{"id":"320910","nama":"Astanajapura"},{"id":"320911","nama":"Pangenan"},{"id":"320912","nama":"Mundu"},{"id":"320913","nama":"Beber"},{"id":"320914","nama":"Talun"},{"id":"320915","nama":"Sumber"},{"id":"320916","nama":"Dukupuntang"},{"id":"320917","nama":"Palimanan"},{"id":"320918","nama":"Plumbon"},{"id":"320919","nama":"Weru"},{"id":"320920","nama":"Kedawung"},{"id":"320921","nama":"Gunung Jati"},{"id":"320922","nama":"Kapetakan"},{"id":"320923","nama":"Klangenan"},{"id":"320924","nama":"Arjawinangun"},{"id":"320925","nama":"Panguragan"},{"id":"320926","nama":"Ciwaringin"},{"id":"320927","nama":"Susukan"},{"id":"320928","nama":"Gegesik"},{"id":"320929","nama":"Kaliwedi"},{"id":"320930","nama":"Gebang"},{"id":"320931","nama":"Depok"},{"id":"320932","nama":"Pasaleman"},{"id":"320933","nama":"Pabuaran"},{"id":"320934","nama":"Karangwareng"},{"id":"320935","nama":"Tengah Tani"},{"id":"320936","nama":"Plered"},{"id":"320937","nama":"Gempol"},{"id":"320938","nama":"Greged"},{"id":"320939","nama":"Suranenggala"},{"id":"320940","nama":"Jamblang"}]