[{"id":"321201","nama":"Haurgeulis"},{"id":"321202","nama":"Kroya"},{"id":"321203","nama":"Gabuswetan"},{"id":"321204","nama":"Cikedung"},{"id":"321205","nama":"Lelea"},{"id":"321206","nama":"Bangodua"},{"id":"321207","nama":"Widasari"},{"id":"321208","nama":"Kertasemaya"},{"id":"321209","nama":"Krangkeng"},{"id":"321210","nama":"Karangampel"},{"id":"321211","nama":"Juntinyuat"},{"id":"321212","nama":"Sliyeg"},{"id":"321213","nama":"Jatibarang"},{"id":"321214","nama":"Balongan"},{"id":"321215","nama":"Indramayu"},{"id":"321216","nama":"Sindang"},{"id":"321217","nama":"Cantigi"},{"id":"321218","nama":"Lohbener"},{"id":"321219","nama":"Arahan"},{"id":"321220","nama":"Losarang"},{"id":"321221","nama":"Kandanghaur"},{"id":"321222","nama":"Bongas"},{"id":"321223","nama":"Anjatan"},{"id":"321224","nama":"Sukra"},{"id":"321225","nama":"Gantar"},{"id":"321226","nama":"Trisi"},{"id":"321227","nama":"Sukagumiwang"},{"id":"321228","nama":"Kedokan Bunder"},{"id":"321229","nama":"Pasekan"},{"id":"321230","nama":"Tukdana"},{"id":"321231","nama":"Patrol"}]