[{"id":"321401","nama":"Purwakarta"},{"id":"321402","nama":"Campaka"},{"id":"321403","nama":"Jatiluhur"},{"id":"321404","nama":"Plered"},{"id":"321405","nama":"Sukatani"},{"id":"321406","nama":"Darangdan"},{"id":"321407","nama":"Maniis"},{"id":"321408","nama":"Tegalwaru"},{"id":"321409","nama":"Wanayasa"},{"id":"321410","nama":"Pasawahan"},{"id":"321411","nama":"Bojong"},{"id":"321412","nama":"Babakancikao"},{"id":"321413","nama":"Bungursari"},{"id":"321414","nama":"Cibatu"},{"id":"321415","nama":"Sukasari"},{"id":"321416","nama":"Pondoksalam"},{"id":"321417","nama":"Kiarapedes"}]