[{"id":"321501","nama":"Karawang Barat"},{"id":"321502","nama":"Pangkalan"},{"id":"321503","nama":"Telukjambe Timur"},{"id":"321504","nama":"Ciampel"},{"id":"321505","nama":"Klari"},{"id":"321506","nama":"Rengasdengklok"},{"id":"321507","nama":"Kutawaluya"},{"id":"321508","nama":"Batujaya"},{"id":"321509","nama":"Tirtajaya"},{"id":"321510","nama":"Pedes"},{"id":"321511","nama":"Cibuaya"},{"id":"321512","nama":"Pakisjaya"},{"id":"321513","nama":"Cikampek"},{"id":"321514","nama":"Jatisari"},{"id":"321515","nama":"Cilamaya Wetan"},{"id":"321516","nama":"Tirtamulya"},{"id":"321517","nama":"Telagasari"},{"id":"321518","nama":"Rawamerta"},{"id":"321519","nama":"Lemahabang"},{"id":"321520","nama":"Tempuran"},{"id":"321521","nama":"Majalaya"},{"id":"321522","nama":"Jayakerta"},{"id":"321523","nama":"Cilamaya Kulon"},{"id":"321524","nama":"Banyusari"},{"id":"321525","nama":"Kota Baru"},{"id":"321526","nama":"Karawang Timur"},{"id":"321527","nama":"Telukjambe Barat"},{"id":"321528","nama":"Tegalwaru"},{"id":"321529","nama":"Purwasari"},{"id":"321530","nama":"Cilebar"}]