[{"id":"327301","nama":"Sukasari"},{"id":"327302","nama":"Coblong"},{"id":"327303","nama":"Babakan Ciparay"},{"id":"327304","nama":"Bojongloa Kaler"},{"id":"327305","nama":"Andir"},{"id":"327306","nama":"Cicendo"},{"id":"327307","nama":"Sukajadi"},{"id":"327308","nama":"Cidadap"},{"id":"327309","nama":"Bandung Wetan"},{"id":"327310","nama":"Astana Anyar"},{"id":"327311","nama":"Regol"},{"id":"327312","nama":"Batununggal"},{"id":"327313","nama":"Lengkong"},{"id":"327314","nama":"Cibeunying Kidul"},{"id":"327315","nama":"Bandung Kulon"},{"id":"327316","nama":"Kiaracondong"},{"id":"327317","nama":"Bojongloa Kidul"},{"id":"327318","nama":"Cibeunying Kaler"},{"id":"327319","nama":"Sumur Bandung"},{"id":"327320","nama":"Antapani"},{"id":"327321","nama":"Bandung Kidul"},{"id":"327322","nama":"Buahbatu"},{"id":"327323","nama":"Rancasari"},{"id":"327324","nama":"Arcamanik"},{"id":"327325","nama":"Cibiru"},{"id":"327326","nama":"Ujungberung"},{"id":"327327","nama":"Gedebage"},{"id":"327328","nama":"Panyileukan"},{"id":"327329","nama":"Cinambo"},{"id":"327330","nama":"Mandalajati"}]