[{"id":"330101","nama":"Kedungreja"},{"id":"330102","nama":"Kesugihan"},{"id":"330103","nama":"Adipala"},{"id":"330104","nama":"Binangun"},{"id":"330105","nama":"Nusawungu"},{"id":"330106","nama":"Kroya"},{"id":"330107","nama":"Maos"},{"id":"330108","nama":"Jeruklegi"},{"id":"330109","nama":"Kawunganten"},{"id":"330110","nama":"Gandrungmangu"},{"id":"330111","nama":"Sidareja"},{"id":"330112","nama":"Karangpucung"},{"id":"330113","nama":"Cimanggu"},{"id":"330114","nama":"Majenang"},{"id":"330115","nama":"Wanareja"},{"id":"330116","nama":"Dayeuhluhur"},{"id":"330117","nama":"Sampang"},{"id":"330118","nama":"Cipari"},{"id":"330119","nama":"Patimuan"},{"id":"330120","nama":"Bantarsari"},{"id":"330121","nama":"Cilacap Selatan"},{"id":"330122","nama":"Cilacap Tengah"},{"id":"330123","nama":"Cilacap Utara"},{"id":"330124","nama":"Kampung Laut"}]