[{"id":"330201","nama":"Lumbir"},{"id":"330202","nama":"Wangon"},{"id":"330203","nama":"Jatilawang"},{"id":"330204","nama":"Rawalo"},{"id":"330205","nama":"Kebasen"},{"id":"330206","nama":"Kemranjen"},{"id":"330207","nama":"Sumpiuh"},{"id":"330208","nama":"Tambak"},{"id":"330209","nama":"Somagede"},{"id":"330210","nama":"Kalibagor"},{"id":"330211","nama":"Banyumas"},{"id":"330212","nama":"Patikraja"},{"id":"330213","nama":"Purwojati"},{"id":"330214","nama":"Ajibarang"},{"id":"330215","nama":"Gumelar"},{"id":"330216","nama":"Pekuncen"},{"id":"330217","nama":"Cilongok"},{"id":"330218","nama":"Karanglewas"},{"id":"330219","nama":"Sokaraja"},{"id":"330220","nama":"Kembaran"},{"id":"330221","nama":"Sumbang"},{"id":"330222","nama":"Baturraden"},{"id":"330223","nama":"Kedungbanteng"},{"id":"330224","nama":"Purwokerto Selatan"},{"id":"330225","nama":"Purwokerto Barat"},{"id":"330226","nama":"Purwokerto Timur"},{"id":"330227","nama":"Purwokerto Utara"}]