[{"id":"330401","nama":"Susukan"},{"id":"330402","nama":"Purworeja Klampok"},{"id":"330403","nama":"Mandiraja"},{"id":"330404","nama":"Purwanegara"},{"id":"330405","nama":"Bawang"},{"id":"330406","nama":"Banjarnegara"},{"id":"330407","nama":"Sigaluh"},{"id":"330408","nama":"Madukara"},{"id":"330409","nama":"Banjarmangu"},{"id":"330410","nama":"Wanadadi"},{"id":"330411","nama":"Rakit"},{"id":"330412","nama":"Punggelan"},{"id":"330413","nama":"Karangkobar"},{"id":"330414","nama":"Pagentan"},{"id":"330415","nama":"Pejawaran"},{"id":"330416","nama":"Batur"},{"id":"330417","nama":"Wanayasa"},{"id":"330418","nama":"Kalibening"},{"id":"330419","nama":"Pandanarum"},{"id":"330420","nama":"Pagedongan"}]