[{"id":"330501","nama":"Ayah"},{"id":"330502","nama":"Buayan"},{"id":"330503","nama":"Puring"},{"id":"330504","nama":"Petanahan"},{"id":"330505","nama":"Klirong"},{"id":"330506","nama":"Buluspesantren"},{"id":"330507","nama":"Ambal"},{"id":"330508","nama":"Mirit"},{"id":"330509","nama":"Prembun"},{"id":"330510","nama":"Kutowinangun"},{"id":"330511","nama":"Alian"},{"id":"330512","nama":"Kebumen"},{"id":"330513","nama":"Pejagoan"},{"id":"330514","nama":"Sruweng"},{"id":"330515","nama":"Adimulyo"},{"id":"330516","nama":"Kuwarasan"},{"id":"330517","nama":"Rowokele"},{"id":"330518","nama":"Sempor"},{"id":"330519","nama":"Gombong"},{"id":"330520","nama":"Karanganyar"},{"id":"330521","nama":"Karanggayam"},{"id":"330522","nama":"Sadang"},{"id":"330523","nama":"Bonorowo"},{"id":"330524","nama":"Padureso"},{"id":"330525","nama":"Poncowarno"},{"id":"330526","nama":"Karangsambung"}]