[{"id":"330701","nama":"Wadaslintang"},{"id":"330702","nama":"Kepil"},{"id":"330703","nama":"Sapuran"},{"id":"330704","nama":"Kaliwiro"},{"id":"330705","nama":"Leksono"},{"id":"330706","nama":"Selomerto"},{"id":"330707","nama":"Kalikajar"},{"id":"330708","nama":"Kertek"},{"id":"330709","nama":"Wonosobo"},{"id":"330710","nama":"Watumalang"},{"id":"330711","nama":"Mojotengah"},{"id":"330712","nama":"Garung"},{"id":"330713","nama":"Kejajar"},{"id":"330714","nama":"Sukoharjo"},{"id":"330715","nama":"Kalibawang"}]