[{"id":"331001","nama":"Prambanan"},{"id":"331002","nama":"Gantiwarno"},{"id":"331003","nama":"Wedi"},{"id":"331004","nama":"Bayat"},{"id":"331005","nama":"Cawas"},{"id":"331006","nama":"Trucuk"},{"id":"331007","nama":"Kebonarum"},{"id":"331008","nama":"Jogonalan"},{"id":"331009","nama":"Manisrenggo"},{"id":"331010","nama":"Karangnongko"},{"id":"331011","nama":"Ceper"},{"id":"331012","nama":"Pedan"},{"id":"331013","nama":"Karangdowo"},{"id":"331014","nama":"Juwiring"},{"id":"331015","nama":"Wonosari"},{"id":"331016","nama":"Delanggu"},{"id":"331017","nama":"Polanharjo"},{"id":"331018","nama":"Karanganom"},{"id":"331019","nama":"Tulung"},{"id":"331020","nama":"Jatinom"},{"id":"331021","nama":"Kemalang"},{"id":"331022","nama":"Ngawen"},{"id":"331023","nama":"Kalikotes"},{"id":"331024","nama":"Klaten Utara"},{"id":"331025","nama":"Klaten Tengah"},{"id":"331026","nama":"Klaten Selatan"}]