[{"id":"331201","nama":"Pracimantoro"},{"id":"331202","nama":"Giritontro"},{"id":"331203","nama":"Giriwoyo"},{"id":"331204","nama":"Batuwarno"},{"id":"331205","nama":"Tirtomoyo"},{"id":"331206","nama":"Nguntoronadi"},{"id":"331207","nama":"Baturetno"},{"id":"331208","nama":"Eromoko"},{"id":"331209","nama":"Wuryantoro"},{"id":"331210","nama":"Manyaran"},{"id":"331211","nama":"Selogiri"},{"id":"331212","nama":"Wonogiri"},{"id":"331213","nama":"Ngadirojo"},{"id":"331214","nama":"Sidoharjo"},{"id":"331215","nama":"Jatiroto"},{"id":"331216","nama":"Kismantoro"},{"id":"331217","nama":"Purwantoro"},{"id":"331218","nama":"Bulukerto"},{"id":"331219","nama":"Slogohimo"},{"id":"331220","nama":"Jatisrono"},{"id":"331221","nama":"Jatipurno"},{"id":"331222","nama":"Girimarto"},{"id":"331223","nama":"Karangtengah"},{"id":"331224","nama":"Paranggupito"},{"id":"331225","nama":"Puhpelem"}]