[{"id":"331401","nama":"Kalijambe"},{"id":"331402","nama":"Plupuh"},{"id":"331403","nama":"Masaran"},{"id":"331404","nama":"Kedawung"},{"id":"331405","nama":"Sambirejo"},{"id":"331406","nama":"Gondang"},{"id":"331407","nama":"Sambungmacan"},{"id":"331408","nama":"Ngrampal"},{"id":"331409","nama":"Karangmalang"},{"id":"331410","nama":"Sragen"},{"id":"331411","nama":"Sidoharjo"},{"id":"331412","nama":"Tanon"},{"id":"331413","nama":"Gemolong"},{"id":"331414","nama":"Miri"},{"id":"331415","nama":"Sumberlawang"},{"id":"331416","nama":"Mondokan"},{"id":"331417","nama":"Sukodono"},{"id":"331418","nama":"Gesi"},{"id":"331419","nama":"Tangen"},{"id":"331420","nama":"Jenar"}]