[{"id":"331501","nama":"Kedungjati"},{"id":"331502","nama":"Karangrayung"},{"id":"331503","nama":"Penawangan"},{"id":"331504","nama":"Toroh"},{"id":"331505","nama":"Geyer"},{"id":"331506","nama":"Pulokulon"},{"id":"331507","nama":"Kradenan"},{"id":"331508","nama":"Gabus"},{"id":"331509","nama":"Ngaringan"},{"id":"331510","nama":"Wirosari"},{"id":"331511","nama":"Tawangharjo"},{"id":"331512","nama":"Grobogan"},{"id":"331513","nama":"Purwodadi"},{"id":"331514","nama":"Brati"},{"id":"331515","nama":"Klambu"},{"id":"331516","nama":"Godong"},{"id":"331517","nama":"Gubug"},{"id":"331518","nama":"Tegowanu"},{"id":"331519","nama":"Tanggungharjo"}]