[{"id":"331801","nama":"Sukolilo"},{"id":"331802","nama":"Kayen"},{"id":"331803","nama":"Tambakromo"},{"id":"331804","nama":"Winong"},{"id":"331805","nama":"Pucakwangi"},{"id":"331806","nama":"Jaken"},{"id":"331807","nama":"Batangan"},{"id":"331808","nama":"Juwana"},{"id":"331809","nama":"Jakenan"},{"id":"331810","nama":"Pati"},{"id":"331811","nama":"Gabus"},{"id":"331812","nama":"Margorejo"},{"id":"331813","nama":"Gembong"},{"id":"331814","nama":"Tlogowungu"},{"id":"331815","nama":"Wedarijaksa"},{"id":"331816","nama":"Margoyoso"},{"id":"331817","nama":"Gunungwungkal"},{"id":"331818","nama":"Cluwak"},{"id":"331819","nama":"Tayu"},{"id":"331820","nama":"Dukuhseti"},{"id":"331821","nama":"Trangkil"}]