[{"id":"332001","nama":"Kedung"},{"id":"332002","nama":"Pecangaan"},{"id":"332003","nama":"Welahan"},{"id":"332004","nama":"Mayong"},{"id":"332005","nama":"Batealit"},{"id":"332006","nama":"Jepara"},{"id":"332007","nama":"Mlonggo"},{"id":"332008","nama":"Bangsri"},{"id":"332009","nama":"Keling"},{"id":"332010","nama":"Karimun Jawa"},{"id":"332011","nama":"Tahunan"},{"id":"332012","nama":"Nalumsari"},{"id":"332013","nama":"Kalinyamatan"},{"id":"332014","nama":"Kembang"},{"id":"332015","nama":"Pakis Aji"},{"id":"332016","nama":"Donorojo"}]