[{"id":"332301","nama":"Bulu"},{"id":"332302","nama":"Tembarak"},{"id":"332303","nama":"Temanggung"},{"id":"332304","nama":"Pringsurat"},{"id":"332305","nama":"Kaloran"},{"id":"332306","nama":"Kandangan"},{"id":"332307","nama":"Kedu"},{"id":"332308","nama":"Parakan"},{"id":"332309","nama":"Ngadirejo"},{"id":"332310","nama":"Jumo"},{"id":"332311","nama":"Tretep"},{"id":"332312","nama":"Candiroto"},{"id":"332313","nama":"Kranggan"},{"id":"332314","nama":"Tlogomulyo"},{"id":"332315","nama":"Selopampang"},{"id":"332316","nama":"Bansari"},{"id":"332317","nama":"Kledung"},{"id":"332318","nama":"Bejen"},{"id":"332319","nama":"Wonoboyo"},{"id":"332320","nama":"Gemawang"}]