[{"id":"332601","nama":"Kandangserang"},{"id":"332602","nama":"Paninggaran"},{"id":"332603","nama":"Lebakbarang"},{"id":"332604","nama":"Petungkriyono"},{"id":"332605","nama":"Talun"},{"id":"332606","nama":"Doro"},{"id":"332607","nama":"Karanganyar"},{"id":"332608","nama":"Kajen"},{"id":"332609","nama":"Kesesi"},{"id":"332610","nama":"Sragi"},{"id":"332611","nama":"Bojong"},{"id":"332612","nama":"Wonopringgo"},{"id":"332613","nama":"Kedungwuni"},{"id":"332614","nama":"Buaran"},{"id":"332615","nama":"Tirto"},{"id":"332616","nama":"Wiradesa"},{"id":"332617","nama":"Siwalan"},{"id":"332618","nama":"Karangdadap"},{"id":"332619","nama":"Wonokerto"}]