[{"id":"332801","nama":"Margasari"},{"id":"332802","nama":"Bumijawa"},{"id":"332803","nama":"Bojong"},{"id":"332804","nama":"Balapulang"},{"id":"332805","nama":"Pagerbarang"},{"id":"332806","nama":"Lebaksiu"},{"id":"332807","nama":"Jatinegara"},{"id":"332808","nama":"Kedungbanteng"},{"id":"332809","nama":"Pangkah"},{"id":"332810","nama":"Slawi"},{"id":"332811","nama":"Adiwerna"},{"id":"332812","nama":"Talang"},{"id":"332813","nama":"Dukuhturi"},{"id":"332814","nama":"Tarub"},{"id":"332815","nama":"Kramat"},{"id":"332816","nama":"Suradadi"},{"id":"332817","nama":"Warureja"},{"id":"332818","nama":"Dukuhwaru"}]