[{"id":"337401","nama":"Semarang Tengah"},{"id":"337402","nama":"Semarang Utara"},{"id":"337403","nama":"Semarang Timur"},{"id":"337404","nama":"Gayamsari"},{"id":"337405","nama":"Genuk"},{"id":"337406","nama":"Pedurungan"},{"id":"337407","nama":"Semarang Selatan"},{"id":"337408","nama":"Candisari"},{"id":"337409","nama":"Gajahmungkur"},{"id":"337410","nama":"Tembalang"},{"id":"337411","nama":"Banyumanik"},{"id":"337412","nama":"Gunungpati"},{"id":"337413","nama":"Semarang Barat"},{"id":"337414","nama":"Mijen"},{"id":"337415","nama":"Ngaliyan"},{"id":"337416","nama":"Tugu"}]