[{"id":"340201","nama":"Srandakan"},{"id":"340202","nama":"Sanden"},{"id":"340203","nama":"Kretek"},{"id":"340204","nama":"Pundong"},{"id":"340205","nama":"Bambanglipuro"},{"id":"340206","nama":"Pandak"},{"id":"340207","nama":"Pajangan"},{"id":"340208","nama":"Bantul"},{"id":"340209","nama":"Jetis"},{"id":"340210","nama":"Imogiri"},{"id":"340211","nama":"Dlingo"},{"id":"340212","nama":"Banguntapan"},{"id":"340213","nama":"Pleret"},{"id":"340214","nama":"Piyungan"},{"id":"340215","nama":"Sewon"},{"id":"340216","nama":"Kasihan"},{"id":"340217","nama":"Sedayu"}]