[{"id":"340301","nama":"Wonosari"},{"id":"340302","nama":"Nglipar"},{"id":"340303","nama":"Playen"},{"id":"340304","nama":"Patuk"},{"id":"340305","nama":"Paliyan"},{"id":"340306","nama":"Panggang"},{"id":"340307","nama":"Tepus"},{"id":"340308","nama":"Semanu"},{"id":"340309","nama":"Karangmojo"},{"id":"340310","nama":"Ponjong"},{"id":"340311","nama":"Rongkop"},{"id":"340312","nama":"Semin"},{"id":"340313","nama":"Ngawen"},{"id":"340314","nama":"Gedangsari"},{"id":"340315","nama":"Saptosari"},{"id":"340316","nama":"Girisubo"},{"id":"340317","nama":"Tanjungsari"},{"id":"340318","nama":"Purwosari"}]