[{"id":"340401","nama":"Gamping"},{"id":"340402","nama":"Godean"},{"id":"340403","nama":"Moyudan"},{"id":"340404","nama":"Minggir"},{"id":"340405","nama":"Seyegan"},{"id":"340406","nama":"Mlati"},{"id":"340407","nama":"Depok"},{"id":"340408","nama":"Berbah"},{"id":"340409","nama":"Prambanan"},{"id":"340410","nama":"Kalasan"},{"id":"340411","nama":"Ngemplak"},{"id":"340412","nama":"Ngaglik"},{"id":"340413","nama":"Sleman"},{"id":"340414","nama":"Tempel"},{"id":"340415","nama":"Turi"},{"id":"340416","nama":"Pakem"},{"id":"340417","nama":"Cangkringan"}]