[{"id":"350201","nama":"Slahung"},{"id":"350202","nama":"Ngrayun"},{"id":"350203","nama":"Bungkal"},{"id":"350204","nama":"Sambit"},{"id":"350205","nama":"Sawoo"},{"id":"350206","nama":"Sooko"},{"id":"350207","nama":"Pulung"},{"id":"350208","nama":"Mlarak"},{"id":"350209","nama":"Jetis"},{"id":"350210","nama":"Siman"},{"id":"350211","nama":"Balong"},{"id":"350212","nama":"Kauman"},{"id":"350213","nama":"Badegan"},{"id":"350214","nama":"Sampung"},{"id":"350215","nama":"Sukorejo"},{"id":"350216","nama":"Babadan"},{"id":"350217","nama":"Ponorogo"},{"id":"350218","nama":"Jenangan"},{"id":"350219","nama":"Ngebel"},{"id":"350220","nama":"Jambon"},{"id":"350221","nama":"Pudak"}]