[{"id":"350401","nama":"Tulungagung"},{"id":"350402","nama":"Boyolangu"},{"id":"350403","nama":"Kedungwaru"},{"id":"350404","nama":"Ngantru"},{"id":"350405","nama":"Kauman"},{"id":"350406","nama":"Pagerwojo"},{"id":"350407","nama":"Sendang"},{"id":"350408","nama":"Karangrejo"},{"id":"350409","nama":"Gondang"},{"id":"350410","nama":"Sumbergempol"},{"id":"350411","nama":"Ngunut"},{"id":"350412","nama":"Pucanglaban"},{"id":"350413","nama":"Rejotangan"},{"id":"350414","nama":"Kalidawir"},{"id":"350415","nama":"Besuki"},{"id":"350416","nama":"Campurdarat"},{"id":"350417","nama":"Bandung"},{"id":"350418","nama":"Pakel"},{"id":"350419","nama":"Tanggunggunung"}]