[{"id":"350501","nama":"Wonodadi"},{"id":"350502","nama":"Udanawu"},{"id":"350503","nama":"Srengat"},{"id":"350504","nama":"Kademangan"},{"id":"350505","nama":"Bakung"},{"id":"350506","nama":"Ponggok"},{"id":"350507","nama":"Sanankulon"},{"id":"350508","nama":"Wonotirto"},{"id":"350509","nama":"Nglegok"},{"id":"350510","nama":"Kanigoro"},{"id":"350511","nama":"Garum"},{"id":"350512","nama":"Sutojayan"},{"id":"350513","nama":"Panggungrejo"},{"id":"350514","nama":"Talun"},{"id":"350515","nama":"Gandusari"},{"id":"350516","nama":"Binangun"},{"id":"350517","nama":"Wlingi"},{"id":"350518","nama":"Doko"},{"id":"350519","nama":"Kesamben"},{"id":"350520","nama":"Wates"},{"id":"350521","nama":"Selorejo"},{"id":"350522","nama":"Selopuro"}]