[{"id":"350601","nama":"Semen"},{"id":"350602","nama":"Mojo"},{"id":"350603","nama":"Kras"},{"id":"350604","nama":"Ngadiluwih"},{"id":"350605","nama":"Kandat"},{"id":"350606","nama":"Wates"},{"id":"350607","nama":"Ngancar"},{"id":"350608","nama":"Puncu"},{"id":"350609","nama":"Plosoklaten"},{"id":"350610","nama":"Gurah"},{"id":"350611","nama":"Pagu"},{"id":"350612","nama":"Gampengrejo"},{"id":"350613","nama":"Grogol"},{"id":"350614","nama":"Papar"},{"id":"350615","nama":"Purwoasri"},{"id":"350616","nama":"Plemahan"},{"id":"350617","nama":"Pare"},{"id":"350618","nama":"Kepung"},{"id":"350619","nama":"Kandangan"},{"id":"350620","nama":"Tarokan"},{"id":"350621","nama":"Kunjang"},{"id":"350622","nama":"Banyakan"},{"id":"350623","nama":"Ringinrejo"},{"id":"350624","nama":"Kayen Kidul"},{"id":"350625","nama":"Ngasem"},{"id":"350626","nama":"Badas"}]