[{"id":"350701","nama":"Donomulyo"},{"id":"350702","nama":"Pagak"},{"id":"350703","nama":"Bantur"},{"id":"350704","nama":"Sumbermanjing Wetan"},{"id":"350705","nama":"Dampit"},{"id":"350706","nama":"Ampelgading"},{"id":"350707","nama":"Poncokusumo"},{"id":"350708","nama":"Wajak"},{"id":"350709","nama":"Turen"},{"id":"350710","nama":"Gondanglegi"},{"id":"350711","nama":"Kalipare"},{"id":"350712","nama":"Sumberpucung"},{"id":"350713","nama":"Kepanjen"},{"id":"350714","nama":"Bululawang"},{"id":"350715","nama":"Tajinan"},{"id":"350716","nama":"Tumpang"},{"id":"350717","nama":"Jabung"},{"id":"350718","nama":"Pakis"},{"id":"350719","nama":"Pakisaji"},{"id":"350720","nama":"Ngajum"},{"id":"350721","nama":"Wagir"},{"id":"350722","nama":"Dau"},{"id":"350723","nama":"Karang Ploso"},{"id":"350724","nama":"Singosari"},{"id":"350725","nama":"Lawang"},{"id":"350726","nama":"Pujon"},{"id":"350727","nama":"Ngantang"},{"id":"350728","nama":"Kasembon"},{"id":"350729","nama":"Gedangan"},{"id":"350730","nama":"Tirtoyudo"},{"id":"350731","nama":"Kromengan"},{"id":"350732","nama":"Wonosari"},{"id":"350733","nama":"Pagelaran"}]