[{"id":"350801","nama":"Tempursari"},{"id":"350802","nama":"Pronojiwo"},{"id":"350803","nama":"Candipuro"},{"id":"350804","nama":"Pasirian"},{"id":"350805","nama":"Tempeh"},{"id":"350806","nama":"Kunir"},{"id":"350807","nama":"Yosowilangun"},{"id":"350808","nama":"Rowokangkung"},{"id":"350809","nama":"Tekung"},{"id":"350810","nama":"Lumajang"},{"id":"350811","nama":"Pasrujambe"},{"id":"350812","nama":"Senduro"},{"id":"350813","nama":"Gucialit"},{"id":"350814","nama":"Padang"},{"id":"350815","nama":"Sukodono"},{"id":"350816","nama":"Kedungjajang"},{"id":"350817","nama":"Jatiroto"},{"id":"350818","nama":"Randuagung"},{"id":"350819","nama":"Klakah"},{"id":"350820","nama":"Ranuyoso"},{"id":"350821","nama":"Sumbersuko"}]