[{"id":"350901","nama":"Jombang"},{"id":"350902","nama":"Kencong"},{"id":"350903","nama":"Sumberbaru"},{"id":"350904","nama":"Gumukmas"},{"id":"350905","nama":"Umbulsari"},{"id":"350906","nama":"Tanggul"},{"id":"350907","nama":"Semboro"},{"id":"350908","nama":"Puger"},{"id":"350909","nama":"Bangsalsari"},{"id":"350910","nama":"Balung"},{"id":"350911","nama":"Wuluhan"},{"id":"350912","nama":"Ambulu"},{"id":"350913","nama":"Rambipuji"},{"id":"350914","nama":"Panti"},{"id":"350915","nama":"Sukorambi"},{"id":"350916","nama":"Jenggawah"},{"id":"350917","nama":"Ajung"},{"id":"350918","nama":"Tempurejo"},{"id":"350919","nama":"Kaliwates"},{"id":"350920","nama":"Patrang"},{"id":"350921","nama":"Sumbersari"},{"id":"350922","nama":"Arjasa"},{"id":"350923","nama":"Mumbulsari"},{"id":"350924","nama":"Pakusari"},{"id":"350925","nama":"Jelbuk"},{"id":"350926","nama":"Mayang"},{"id":"350927","nama":"Kalisat"},{"id":"350928","nama":"Ledokombo"},{"id":"350929","nama":"Sukowono"},{"id":"350930","nama":"Silo"},{"id":"350931","nama":"Sumberjambe"}]