[{"id":"351001","nama":"Pesanggaran"},{"id":"351002","nama":"Bangorejo"},{"id":"351003","nama":"Purwoharjo"},{"id":"351004","nama":"Tegaldlimo"},{"id":"351005","nama":"Muncar"},{"id":"351006","nama":"Cluring"},{"id":"351007","nama":"Gambiran"},{"id":"351008","nama":"Srono"},{"id":"351009","nama":"Genteng"},{"id":"351010","nama":"Glenmore"},{"id":"351011","nama":"Kalibaru"},{"id":"351012","nama":"Singojuruh"},{"id":"351013","nama":"Rogojampi"},{"id":"351014","nama":"Kabat"},{"id":"351015","nama":"Glagah"},{"id":"351016","nama":"Banyuwangi"},{"id":"351017","nama":"Giri"},{"id":"351018","nama":"Wongsorejo"},{"id":"351019","nama":"Songgon"},{"id":"351020","nama":"Sempu"},{"id":"351021","nama":"Kalipuro"},{"id":"351022","nama":"Siliragung"},{"id":"351023","nama":"Tegalsari"},{"id":"351024","nama":"Licin"},{"id":"351025","nama":"Blimbingsari"}]