[{"id":"351101","nama":"Maesan"},{"id":"351102","nama":"Tamanan"},{"id":"351103","nama":"Tlogosari"},{"id":"351104","nama":"Sukosari"},{"id":"351105","nama":"Pujer"},{"id":"351106","nama":"Grujugan"},{"id":"351107","nama":"Curahdami"},{"id":"351108","nama":"Tenggarang"},{"id":"351109","nama":"Wonosari"},{"id":"351110","nama":"Tapen"},{"id":"351111","nama":"Bondowoso"},{"id":"351112","nama":"Wringin"},{"id":"351113","nama":"Tegalampel"},{"id":"351114","nama":"Klabang"},{"id":"351115","nama":"Cermee"},{"id":"351116","nama":"Prajekan"},{"id":"351117","nama":"Pakem"},{"id":"351118","nama":"Sumberwringin"},{"id":"351119","nama":"Sempol"},{"id":"351120","nama":"Binakal"},{"id":"351121","nama":"Taman Krocok"},{"id":"351122","nama":"Botolinggo"},{"id":"351123","nama":"Jambesari Darus Sholah"}]