[{"id":"351201","nama":"Jatibanteng"},{"id":"351202","nama":"Besuki"},{"id":"351203","nama":"Suboh"},{"id":"351204","nama":"Mlandingan"},{"id":"351205","nama":"Kendit"},{"id":"351206","nama":"Panarukan"},{"id":"351207","nama":"Situbondo"},{"id":"351208","nama":"Panji"},{"id":"351209","nama":"Mangaran"},{"id":"351210","nama":"Kapongan"},{"id":"351211","nama":"Arjasa"},{"id":"351212","nama":"Jangkar"},{"id":"351213","nama":"Asembagus"},{"id":"351214","nama":"Banyuputih"},{"id":"351215","nama":"Sumbermalang"},{"id":"351216","nama":"Banyuglugur"},{"id":"351217","nama":"Bungatan"}]