[{"id":"351301","nama":"Sukapura"},{"id":"351302","nama":"Sumber"},{"id":"351303","nama":"Kuripan"},{"id":"351304","nama":"Bantaran"},{"id":"351305","nama":"Leces"},{"id":"351306","nama":"Banyuanyar"},{"id":"351307","nama":"Tiris"},{"id":"351308","nama":"Krucil"},{"id":"351309","nama":"Gading"},{"id":"351310","nama":"Pakuniran"},{"id":"351311","nama":"Kotaanyar"},{"id":"351312","nama":"Paiton"},{"id":"351313","nama":"Besuk"},{"id":"351314","nama":"Kraksaan"},{"id":"351315","nama":"Krejengan"},{"id":"351316","nama":"Pejarakan"},{"id":"351317","nama":"Maron"},{"id":"351318","nama":"Gending"},{"id":"351319","nama":"Dringu"},{"id":"351320","nama":"Tegalsiwalan"},{"id":"351321","nama":"Sumberasih"},{"id":"351322","nama":"Wonomerto"},{"id":"351323","nama":"Tongas"},{"id":"351324","nama":"Lumbang"}]