[{"id":"351401","nama":"Purwodadi"},{"id":"351402","nama":"Tutur"},{"id":"351403","nama":"Puspo"},{"id":"351404","nama":"Lumbang"},{"id":"351405","nama":"Pasrepan"},{"id":"351406","nama":"Kejayan"},{"id":"351407","nama":"Wonorejo"},{"id":"351408","nama":"Purwosari"},{"id":"351409","nama":"Sukorejo"},{"id":"351410","nama":"Prigen"},{"id":"351411","nama":"Pandaan"},{"id":"351412","nama":"Gempol"},{"id":"351413","nama":"Beji"},{"id":"351414","nama":"Bangil"},{"id":"351415","nama":"Rembang"},{"id":"351416","nama":"Kraton"},{"id":"351417","nama":"Pohjentrek"},{"id":"351418","nama":"Gondangwetan"},{"id":"351419","nama":"Winongan"},{"id":"351420","nama":"Grati"},{"id":"351421","nama":"Nguling"},{"id":"351422","nama":"Lekok"},{"id":"351423","nama":"Rejoso"},{"id":"351424","nama":"Tosari"}]