[{"id":"351501","nama":"Tarik"},{"id":"351502","nama":"Prambon"},{"id":"351503","nama":"Krembung"},{"id":"351504","nama":"Porong"},{"id":"351505","nama":"Jabon"},{"id":"351506","nama":"Tanggulangin"},{"id":"351507","nama":"Candi"},{"id":"351508","nama":"Sidoarjo"},{"id":"351509","nama":"Tulangan"},{"id":"351510","nama":"Wonoayu"},{"id":"351511","nama":"Krian"},{"id":"351512","nama":"Balongbendo"},{"id":"351513","nama":"Taman"},{"id":"351514","nama":"Sukodono"},{"id":"351515","nama":"Buduran"},{"id":"351516","nama":"Gedangan"},{"id":"351517","nama":"Sedati"},{"id":"351518","nama":"Waru"}]