[{"id":"351601","nama":"Jatirejo"},{"id":"351602","nama":"Gondang"},{"id":"351603","nama":"Pacet"},{"id":"351604","nama":"Trawas"},{"id":"351605","nama":"Ngoro"},{"id":"351606","nama":"Pungging"},{"id":"351607","nama":"Kutorejo"},{"id":"351608","nama":"Mojosari"},{"id":"351609","nama":"Dlanggu"},{"id":"351610","nama":"Bangsal"},{"id":"351611","nama":"Puri"},{"id":"351612","nama":"Trowulan"},{"id":"351613","nama":"Sooko"},{"id":"351614","nama":"Gedeg"},{"id":"351615","nama":"Kemlagi"},{"id":"351616","nama":"Jetis"},{"id":"351617","nama":"Dawarblandong"},{"id":"351618","nama":"Mojoanyar"}]