[{"id":"351801","nama":"Sawahan"},{"id":"351802","nama":"Ngetos"},{"id":"351803","nama":"Berbek"},{"id":"351804","nama":"Loceret"},{"id":"351805","nama":"Pace"},{"id":"351806","nama":"Prambon"},{"id":"351807","nama":"Ngronggot"},{"id":"351808","nama":"Kertosono"},{"id":"351809","nama":"Patianrowo"},{"id":"351810","nama":"Baron"},{"id":"351811","nama":"Tanjunganom"},{"id":"351812","nama":"Sukomoro"},{"id":"351813","nama":"Nganjuk"},{"id":"351814","nama":"Bagor"},{"id":"351815","nama":"Wilangan"},{"id":"351816","nama":"Rejoso"},{"id":"351817","nama":"Gondang"},{"id":"351818","nama":"Ngluyu"},{"id":"351819","nama":"Lengkong"},{"id":"351820","nama":"Jatikalen"}]