[{"id":"352001","nama":"Poncol"},{"id":"352002","nama":"Parang"},{"id":"352003","nama":"Lembeyan"},{"id":"352004","nama":"Takeran"},{"id":"352005","nama":"Kawedanan"},{"id":"352006","nama":"Magetan"},{"id":"352007","nama":"Plaosan"},{"id":"352008","nama":"Panekan"},{"id":"352009","nama":"Sukomoro"},{"id":"352010","nama":"Bendo"},{"id":"352011","nama":"Maospati"},{"id":"352012","nama":"Barat"},{"id":"352013","nama":"Karangrejo"},{"id":"352014","nama":"Karas"},{"id":"352015","nama":"Kartoharjo"},{"id":"352016","nama":"Ngariboyo"},{"id":"352017","nama":"Nguntoronadi"},{"id":"352018","nama":"Sidorejo"}]