[{"id":"352101","nama":"Sine"},{"id":"352102","nama":"Ngrambe"},{"id":"352103","nama":"Jogorogo"},{"id":"352104","nama":"Kendal"},{"id":"352105","nama":"Geneng"},{"id":"352106","nama":"Kwadungan"},{"id":"352107","nama":"Karangjati"},{"id":"352108","nama":"Padas"},{"id":"352109","nama":"Ngawi"},{"id":"352110","nama":"Paron"},{"id":"352111","nama":"Kedunggalar"},{"id":"352112","nama":"Widodaren"},{"id":"352113","nama":"Mantingan"},{"id":"352114","nama":"Pangkur"},{"id":"352115","nama":"Bringin"},{"id":"352116","nama":"Pitu"},{"id":"352117","nama":"Karanganyar"},{"id":"352118","nama":"Gerih"},{"id":"352119","nama":"Kasreman"}]