[{"id":"352201","nama":"Ngraho"},{"id":"352202","nama":"Tambakrejo"},{"id":"352203","nama":"Ngambon"},{"id":"352204","nama":"Ngasem"},{"id":"352205","nama":"Bubulan"},{"id":"352206","nama":"Dander"},{"id":"352207","nama":"Sugihwaras"},{"id":"352208","nama":"Kedungadem"},{"id":"352209","nama":"Kepohbaru"},{"id":"352210","nama":"Baureno"},{"id":"352211","nama":"Kanor"},{"id":"352212","nama":"Sumberejo"},{"id":"352213","nama":"Balen"},{"id":"352214","nama":"Kapas"},{"id":"352215","nama":"Bojonegoro"},{"id":"352216","nama":"Kalitidu"},{"id":"352217","nama":"Malo"},{"id":"352218","nama":"Purwosari"},{"id":"352219","nama":"Padangan"},{"id":"352220","nama":"Kasiman"},{"id":"352221","nama":"Temayang"},{"id":"352222","nama":"Margomulyo"},{"id":"352223","nama":"Trucuk"},{"id":"352224","nama":"Sukosewu"},{"id":"352225","nama":"Kedewan"},{"id":"352226","nama":"Gondang"},{"id":"352227","nama":"Sekar"},{"id":"352228","nama":"Gayam"}]