[{"id":"352301","nama":"Kenduruan"},{"id":"352302","nama":"Jatirogo"},{"id":"352303","nama":"Bangilan"},{"id":"352304","nama":"Bancar"},{"id":"352305","nama":"Senori"},{"id":"352306","nama":"Tambakboyo"},{"id":"352307","nama":"Singgahan"},{"id":"352308","nama":"Kerek"},{"id":"352309","nama":"Parengan"},{"id":"352310","nama":"Montong"},{"id":"352311","nama":"Soko"},{"id":"352312","nama":"Jenu"},{"id":"352313","nama":"Merakurak"},{"id":"352314","nama":"Rengel"},{"id":"352315","nama":"Semanding"},{"id":"352316","nama":"Tuban"},{"id":"352317","nama":"Plumpang"},{"id":"352318","nama":"Palang"},{"id":"352319","nama":"Widang"},{"id":"352320","nama":"Grabagan"}]