[{"id":"352401","nama":"Sukorame"},{"id":"352402","nama":"Bluluk"},{"id":"352403","nama":"Modo"},{"id":"352404","nama":"Ngimbang"},{"id":"352405","nama":"Babat"},{"id":"352406","nama":"Kedungpring"},{"id":"352407","nama":"Brondong"},{"id":"352408","nama":"Laren"},{"id":"352409","nama":"Sekaran"},{"id":"352410","nama":"Maduran"},{"id":"352411","nama":"Sambeng"},{"id":"352412","nama":"Sugio"},{"id":"352413","nama":"Pucuk"},{"id":"352414","nama":"Paciran"},{"id":"352415","nama":"Solokuro"},{"id":"352416","nama":"Mantup"},{"id":"352417","nama":"Sukodadi"},{"id":"352418","nama":"Karanggeneng"},{"id":"352419","nama":"Kembangbahu"},{"id":"352420","nama":"Kalitengah"},{"id":"352421","nama":"Turi"},{"id":"352422","nama":"Lamongan"},{"id":"352423","nama":"Tikung"},{"id":"352424","nama":"Karangbinangun"},{"id":"352425","nama":"Deket"},{"id":"352426","nama":"Glagah"},{"id":"352427","nama":"Sarirejo"}]