[{"id":"352501","nama":"Dukun"},{"id":"352502","nama":"Balongpanggang"},{"id":"352503","nama":"Panceng"},{"id":"352504","nama":"Benjeng"},{"id":"352505","nama":"Duduksampeyan"},{"id":"352506","nama":"Wringinanom"},{"id":"352507","nama":"Ujungpangkah"},{"id":"352508","nama":"Kedamean"},{"id":"352509","nama":"Sidayu"},{"id":"352510","nama":"Manyar"},{"id":"352511","nama":"Cerme"},{"id":"352512","nama":"Bungah"},{"id":"352513","nama":"Menganti"},{"id":"352514","nama":"Kebomas"},{"id":"352515","nama":"Driyorejo"},{"id":"352516","nama":"Gresik"},{"id":"352517","nama":"Sangkapura"},{"id":"352518","nama":"Tambak"}]