[{"id":"352601","nama":"Bangkalan"},{"id":"352602","nama":"Socah"},{"id":"352603","nama":"Burneh"},{"id":"352604","nama":"Kamal"},{"id":"352605","nama":"Arosbaya"},{"id":"352606","nama":"Geger"},{"id":"352607","nama":"Klampis"},{"id":"352608","nama":"Sepulu"},{"id":"352609","nama":"Tanjung Bumi"},{"id":"352610","nama":"Kokop"},{"id":"352611","nama":"Kwanyar"},{"id":"352612","nama":"Labang"},{"id":"352613","nama":"Tanah Merah"},{"id":"352614","nama":"Tragah"},{"id":"352615","nama":"Blega"},{"id":"352616","nama":"Modung"},{"id":"352617","nama":"Konang"},{"id":"352618","nama":"Galis"}]