[{"id":"352901","nama":"Kota Sumenep"},{"id":"352902","nama":"Kalianget"},{"id":"352903","nama":"Manding"},{"id":"352904","nama":"Talango"},{"id":"352905","nama":"Bluto"},{"id":"352906","nama":"Saronggi"},{"id":"352907","nama":"Lenteng"},{"id":"352908","nama":"Giliginting"},{"id":"352909","nama":"Guluk-Guluk"},{"id":"352910","nama":"Ganding"},{"id":"352911","nama":"Pragaan"},{"id":"352912","nama":"Ambunten"},{"id":"352913","nama":"Pasongsongan"},{"id":"352914","nama":"Dasuk"},{"id":"352915","nama":"Rubaru"},{"id":"352916","nama":"Batang Batang"},{"id":"352917","nama":"Batuputih"},{"id":"352918","nama":"Dungkek"},{"id":"352919","nama":"Gapura"},{"id":"352920","nama":"Gayam"},{"id":"352921","nama":"Nonggunong"},{"id":"352922","nama":"Raas"},{"id":"352923","nama":"Masalembu"},{"id":"352924","nama":"Arjasa"},{"id":"352925","nama":"Sapeken"},{"id":"352926","nama":"Batuan"},{"id":"352927","nama":"Kangayan"}]