[{"id":"357801","nama":"Karangpilang"},{"id":"357802","nama":"Wonocolo"},{"id":"357803","nama":"Rungkut"},{"id":"357804","nama":"Wonokromo"},{"id":"357805","nama":"Tegalsari"},{"id":"357806","nama":"Sawahan"},{"id":"357807","nama":"Genteng"},{"id":"357808","nama":"Gubeng"},{"id":"357809","nama":"Sukolilo"},{"id":"357810","nama":"Tambaksari"},{"id":"357811","nama":"Simokerto"},{"id":"357812","nama":"Pabean Cantian"},{"id":"357813","nama":"Bubutan"},{"id":"357814","nama":"Tandes"},{"id":"357815","nama":"Krembangan"},{"id":"357816","nama":"Semampir"},{"id":"357817","nama":"Kenjeran"},{"id":"357818","nama":"Lakarsantri"},{"id":"357819","nama":"Benowo"},{"id":"357820","nama":"Wiyung"},{"id":"357821","nama":"Dukuh Pakis"},{"id":"357822","nama":"Gayungan"},{"id":"357823","nama":"Jambangan"},{"id":"357824","nama":"Tenggilis Mejoyo"},{"id":"357825","nama":"Gunung Anyar"},{"id":"357826","nama":"Mulyorejo"},{"id":"357827","nama":"Sukomanunggal"},{"id":"357828","nama":"Asem Rowo"},{"id":"357829","nama":"Bulak"},{"id":"357830","nama":"Pakal"},{"id":"357831","nama":"Sambikerep"}]