[{"id":"360101","nama":"Sumur"},{"id":"360102","nama":"Cimanggu"},{"id":"360103","nama":"Cibaliung"},{"id":"360104","nama":"Cikeusik"},{"id":"360105","nama":"Cigeulis"},{"id":"360106","nama":"Panimbang"},{"id":"360107","nama":"Angsana"},{"id":"360108","nama":"Munjul"},{"id":"360109","nama":"Pagelaran"},{"id":"360110","nama":"Bojong"},{"id":"360111","nama":"Picung"},{"id":"360112","nama":"Labuan"},{"id":"360113","nama":"Menes"},{"id":"360114","nama":"Saketi"},{"id":"360115","nama":"Cipeucang"},{"id":"360116","nama":"Jiput"},{"id":"360117","nama":"Mandalawangi"},{"id":"360118","nama":"Cimanuk"},{"id":"360119","nama":"Kaduhejo"},{"id":"360120","nama":"Banjar"},{"id":"360121","nama":"Pandeglang"},{"id":"360122","nama":"Cadasari"},{"id":"360123","nama":"Cisata"},{"id":"360124","nama":"Patia"},{"id":"360125","nama":"Karang Tanjung"},{"id":"360126","nama":"Cikedal"},{"id":"360127","nama":"Cibitung"},{"id":"360128","nama":"Carita"},{"id":"360129","nama":"Sukaresmi"},{"id":"360130","nama":"Mekarjaya"},{"id":"360131","nama":"Sindangresmi"},{"id":"360132","nama":"Pulosari"},{"id":"360133","nama":"Koroncong"},{"id":"360134","nama":"Majasari"},{"id":"360135","nama":"Sobang"}]