[{"id":"360201","nama":"Malingping"},{"id":"360202","nama":"Panggarangan"},{"id":"360203","nama":"Bayah"},{"id":"360204","nama":"Cipanas"},{"id":"360205","nama":"Muncang"},{"id":"360206","nama":"Leuwidamar"},{"id":"360207","nama":"Bojongmanik"},{"id":"360208","nama":"Gunungkencana"},{"id":"360209","nama":"Banjarsari"},{"id":"360210","nama":"Cileles"},{"id":"360211","nama":"Cimarga"},{"id":"360212","nama":"Sajira"},{"id":"360213","nama":"Maja"},{"id":"360214","nama":"Rangkasbitung"},{"id":"360215","nama":"Warunggunung"},{"id":"360216","nama":"Cijaku"},{"id":"360217","nama":"Cikulur"},{"id":"360218","nama":"Cibadak"},{"id":"360219","nama":"Cibeber"},{"id":"360220","nama":"Cilograng"},{"id":"360221","nama":"Wanasalam"},{"id":"360222","nama":"Sobang"},{"id":"360223","nama":"Curug bitung"},{"id":"360224","nama":"Kalanganyar"},{"id":"360225","nama":"Lebakgedong"},{"id":"360226","nama":"Cihara"},{"id":"360227","nama":"Cirinten"},{"id":"360228","nama":"Cigemlong"}]