[{"id":"360301","nama":"Balaraja"},{"id":"360302","nama":"Jayanti"},{"id":"360303","nama":"Tigaraksa"},{"id":"360304","nama":"Jambe"},{"id":"360305","nama":"Cisoka"},{"id":"360306","nama":"Kresek"},{"id":"360307","nama":"Kronjo"},{"id":"360308","nama":"Mauk"},{"id":"360309","nama":"Kemiri"},{"id":"360310","nama":"Sukadiri"},{"id":"360311","nama":"Rajeg"},{"id":"360312","nama":"Pasar Kemis"},{"id":"360313","nama":"Teluknaga"},{"id":"360314","nama":"Kosambi"},{"id":"360315","nama":"Pakuhaji"},{"id":"360316","nama":"Sepatan"},{"id":"360317","nama":"Curug"},{"id":"360318","nama":"Cikupa"},{"id":"360319","nama":"Panongan"},{"id":"360320","nama":"Legok"},{"id":"360322","nama":"Pagedangan"},{"id":"360323","nama":"Cisauk"},{"id":"360327","nama":"Sukamulya"},{"id":"360328","nama":"Kelapa Dua"},{"id":"360329","nama":"Sindang Jaya"},{"id":"360330","nama":"Sepatan Timur"},{"id":"360331","nama":"Solear"},{"id":"360332","nama":"Gunung Kaler"},{"id":"360333","nama":"Mekar Baru"}]