[{"id":"360405","nama":"Kramatwatu"},{"id":"360406","nama":"Waringinkurung"},{"id":"360407","nama":"Bojonegara"},{"id":"360408","nama":"Pulo Ampel"},{"id":"360409","nama":"Ciruas"},{"id":"360411","nama":"Kragilan"},{"id":"360412","nama":"Pontang"},{"id":"360413","nama":"Tirtayasa"},{"id":"360414","nama":"Tanara"},{"id":"360415","nama":"Cikande"},{"id":"360416","nama":"Kibin"},{"id":"360417","nama":"Carenang"},{"id":"360418","nama":"Binuang"},{"id":"360419","nama":"Petir"},{"id":"360420","nama":"Tunjung Teja"},{"id":"360422","nama":"Baros"},{"id":"360423","nama":"Cikeusal"},{"id":"360424","nama":"Pamarayan"},{"id":"360425","nama":"Kopo"},{"id":"360426","nama":"Jawilan"},{"id":"360427","nama":"Ciomas"},{"id":"360428","nama":"Pabuaran"},{"id":"360429","nama":"Padarincang"},{"id":"360430","nama":"Anyar"},{"id":"360431","nama":"Cinangka"},{"id":"360432","nama":"Mancak"},{"id":"360433","nama":"Gunung Sari"},{"id":"360434","nama":"Bandung"},{"id":"360435","nama":"Lebak Wangi"}]