[{"id":"520301","nama":"Keruak"},{"id":"520302","nama":"Sakra"},{"id":"520303","nama":"Terara"},{"id":"520304","nama":"Sikur"},{"id":"520305","nama":"Masbagik"},{"id":"520306","nama":"Sukamulia"},{"id":"520307","nama":"Selong"},{"id":"520308","nama":"Pringgabaya"},{"id":"520309","nama":"Aikmel"},{"id":"520310","nama":"Sambelia"},{"id":"520311","nama":"Montong Gading"},{"id":"520312","nama":"Pringgasela"},{"id":"520313","nama":"Suralaga"},{"id":"520314","nama":"Wanasaba"},{"id":"520315","nama":"Sembalun"},{"id":"520316","nama":"Suwela"},{"id":"520317","nama":"Labuhan Haji"},{"id":"520318","nama":"Sakra Timur"},{"id":"520319","nama":"Sakra Barat"},{"id":"520320","nama":"Jerowaru"},{"id":"520321","nama":"Lenek"}]