[{"id":"520402","nama":"Lunyuk"},{"id":"520405","nama":"Alas"},{"id":"520406","nama":"Utan"},{"id":"520407","nama":"Batu Lanteh"},{"id":"520408","nama":"Sumbawa"},{"id":"520409","nama":"Moyo Hilir"},{"id":"520410","nama":"Moyo Hulu"},{"id":"520411","nama":"Ropang"},{"id":"520412","nama":"Lape"},{"id":"520413","nama":"Plampang"},{"id":"520414","nama":"Empang"},{"id":"520417","nama":"Alas Barat"},{"id":"520418","nama":"Labuhan Badas"},{"id":"520419","nama":"Labangka"},{"id":"520420","nama":"Buer"},{"id":"520421","nama":"Rhee"},{"id":"520422","nama":"Unter Iwes"},{"id":"520423","nama":"Moyo Utara"},{"id":"520424","nama":"Maronge"},{"id":"520425","nama":"Tarano"},{"id":"520426","nama":"Lopok"},{"id":"520427","nama":"Lenangguar"},{"id":"520428","nama":"Orong Telu"},{"id":"520429","nama":"Lantung"}]