[{"id":"520601","nama":"Monta"},{"id":"520602","nama":"Bolo"},{"id":"520603","nama":"Woha"},{"id":"520604","nama":"Belo"},{"id":"520605","nama":"Wawo"},{"id":"520606","nama":"Sape"},{"id":"520607","nama":"Wera"},{"id":"520608","nama":"Donggo"},{"id":"520609","nama":"Sanggar"},{"id":"520610","nama":"Ambalawi"},{"id":"520611","nama":"Langgudu"},{"id":"520612","nama":"Lambu"},{"id":"520613","nama":"Madapangga"},{"id":"520614","nama":"Tambora"},{"id":"520615","nama":"Soromandi"},{"id":"520616","nama":"Parado"},{"id":"520617","nama":"Lambitu"},{"id":"520618","nama":"Palibelo"}]