[{"id":"530104","nama":"Semau"},{"id":"530105","nama":"Kupang Barat"},{"id":"530106","nama":"Kupang Timur"},{"id":"530107","nama":"Sulamu"},{"id":"530108","nama":"Kupang Tengah"},{"id":"530109","nama":"Amarasi"},{"id":"530110","nama":"Fatuleu"},{"id":"530111","nama":"Takari"},{"id":"530112","nama":"Amfoang Selatan"},{"id":"530113","nama":"Amfoang Utara"},{"id":"530116","nama":"Nekamese"},{"id":"530117","nama":"Amarasi Barat"},{"id":"530118","nama":"Amarasi Selatan"},{"id":"530119","nama":"Amarasi Timur"},{"id":"530120","nama":"Amabi Oefeto Timur"},{"id":"530121","nama":"Amfoang Barat Daya"},{"id":"530122","nama":"Amfoang Barat Laut"},{"id":"530123","nama":"Semau Selatan"},{"id":"530124","nama":"Taebenu"},{"id":"530125","nama":"Amabi Oefeto"},{"id":"530126","nama":"Amfoang Timur"},{"id":"530127","nama":"Fatuleu Barat"},{"id":"530128","nama":"Fatuleu Tengah"},{"id":"530130","nama":"Amfoang Tengah"}]