[{"id":"530201","nama":"Kota Soe"},{"id":"530202","nama":"Mollo Selatan"},{"id":"530203","nama":"Mollo Utara"},{"id":"530204","nama":"Amanuban Timur"},{"id":"530205","nama":"Amanuban Tengah"},{"id":"530206","nama":"Amanuban Selatan"},{"id":"530207","nama":"Amanuban Barat"},{"id":"530208","nama":"Amanatun Selatan"},{"id":"530209","nama":"Amanatun Utara"},{"id":"530210","nama":"KI'E"},{"id":"530211","nama":"Kuanfatu"},{"id":"530212","nama":"Fatumnasi"},{"id":"530213","nama":"Polen"},{"id":"530214","nama":"Batu Putih"},{"id":"530215","nama":"Boking"},{"id":"530216","nama":"Toianas"},{"id":"530217","nama":"Nunkolo"},{"id":"530218","nama":"Oenino"},{"id":"530219","nama":"Kolbano"},{"id":"530220","nama":"Kot olin"},{"id":"530221","nama":"Kualin"},{"id":"530222","nama":"Mollo Barat"},{"id":"530223","nama":"Kok Baun"},{"id":"530224","nama":"Noebana"},{"id":"530225","nama":"Santian"},{"id":"530226","nama":"Noebeba"},{"id":"530227","nama":"Kuatnana"},{"id":"530228","nama":"Fautmolo"},{"id":"530229","nama":"Fatukopa"},{"id":"530230","nama":"Mollo Tengah"},{"id":"530231","nama":"Tobu"},{"id":"530232","nama":"Nunbena"}]