[{"id":"530301","nama":"Miomafo Timur"},{"id":"530302","nama":"Miomafo Barat"},{"id":"530303","nama":"Biboki Selatan"},{"id":"530304","nama":"Noemuti"},{"id":"530305","nama":"Kota Kefamenanu"},{"id":"530306","nama":"Biboki Utara"},{"id":"530307","nama":"Biboki Anleu"},{"id":"530308","nama":"Insana"},{"id":"530309","nama":"Insana Utara"},{"id":"530310","nama":"Noemuti Timur"},{"id":"530311","nama":"Miomaffo Tengah"},{"id":"530312","nama":"Musi"},{"id":"530313","nama":"Mutis"},{"id":"530314","nama":"Bikomi Selatan"},{"id":"530315","nama":"Bikomi Tengah"},{"id":"530316","nama":"Bikomi Nilulat"},{"id":"530317","nama":"Bikomi Utara"},{"id":"530318","nama":"Naibenu"},{"id":"530319","nama":"Insana Fafinesu"},{"id":"530320","nama":"Insana Barat"},{"id":"530321","nama":"Insana Tengah"},{"id":"530322","nama":"Biboki Tan Pah"},{"id":"530323","nama":"Biboki Moenleu"},{"id":"530324","nama":"Biboki Feotleu"}]