[{"id":"530501","nama":"Teluk Mutiara"},{"id":"530502","nama":"Alor Barat Laut"},{"id":"530503","nama":"Alor Barat Daya"},{"id":"530504","nama":"Alor Selatan"},{"id":"530505","nama":"Alor Timur"},{"id":"530506","nama":"Pantar"},{"id":"530507","nama":"Alor Tengah Utara"},{"id":"530508","nama":"Alor Timur Laut"},{"id":"530509","nama":"Pantar Barat"},{"id":"530510","nama":"Kabola"},{"id":"530511","nama":"Pulau Pura"},{"id":"530512","nama":"Mataru"},{"id":"530513","nama":"Pureman"},{"id":"530514","nama":"Pantar Timur"},{"id":"530515","nama":"Lembur"},{"id":"530516","nama":"Pantar Tengah"},{"id":"530517","nama":"Pantar Baru Laut"}]