[{"id":"530601","nama":"Wulanggitang"},{"id":"530602","nama":"Titehena"},{"id":"530603","nama":"Larantuka"},{"id":"530604","nama":"Ile Mandiri"},{"id":"530605","nama":"Tanjung Bunga"},{"id":"530606","nama":"Solor Barat"},{"id":"530607","nama":"Solor Timur"},{"id":"530608","nama":"Adonara Barat"},{"id":"530609","nama":"Wotan Ulumando"},{"id":"530610","nama":"Adonara Timur"},{"id":"530611","nama":"Kelubagolit"},{"id":"530612","nama":"Witihama"},{"id":"530613","nama":"Ile Boleng"},{"id":"530614","nama":"Demon Pagong"},{"id":"530615","nama":"Lewolema"},{"id":"530616","nama":"Ile Bura"},{"id":"530617","nama":"Adonara"},{"id":"530618","nama":"Adonara Tengah"},{"id":"530619","nama":"Solor Selatan"}]