[{"id":"530701","nama":"Paga"},{"id":"530702","nama":"Mego"},{"id":"530703","nama":"Lela"},{"id":"530704","nama":"Nita"},{"id":"530705","nama":"Alok"},{"id":"530706","nama":"Palue"},{"id":"530707","nama":"Nelle"},{"id":"530708","nama":"Talibura"},{"id":"530709","nama":"Waigete"},{"id":"530710","nama":"Kewapante"},{"id":"530711","nama":"Bola"},{"id":"530712","nama":"Magepanda"},{"id":"530713","nama":"Waiblama"},{"id":"530714","nama":"Alok Barat"},{"id":"530715","nama":"Alok Timur"},{"id":"530716","nama":"Koting"},{"id":"530717","nama":"Tana Wawo"},{"id":"530718","nama":"Hewokloang"},{"id":"530719","nama":"Kangae"},{"id":"530720","nama":"Doreng"},{"id":"530721","nama":"Mapitara"}]