[{"id":"530801","nama":"Nangapanda"},{"id":"530802","nama":"Pulau Ende"},{"id":"530803","nama":"Ende"},{"id":"530804","nama":"Ende Selatan"},{"id":"530805","nama":"Ndona"},{"id":"530806","nama":"Detusoko"},{"id":"530807","nama":"Wewaria"},{"id":"530808","nama":"Wolowaru"},{"id":"530809","nama":"Wolojita"},{"id":"530810","nama":"Maurole"},{"id":"530811","nama":"Maukaro"},{"id":"530812","nama":"Lio Timur"},{"id":"530813","nama":"Kota Baru"},{"id":"530814","nama":"Kelimutu"},{"id":"530815","nama":"Detukeli"},{"id":"530816","nama":"Ndona Timur"},{"id":"530817","nama":"Ndori"},{"id":"530818","nama":"Ende Utara"},{"id":"530819","nama":"Ende Tengah"},{"id":"530820","nama":"Ende Timur"},{"id":"530821","nama":"Lepembusu Kelisoke"}]