[{"id":"531101","nama":"Kota Waingapu"},{"id":"531102","nama":"Haharu"},{"id":"531103","nama":"Lewa"},{"id":"531104","nama":"Nggaha Ori Angu"},{"id":"531105","nama":"Tabundung"},{"id":"531106","nama":"Pinu Pahar"},{"id":"531107","nama":"Pandawai"},{"id":"531108","nama":"Umalulu"},{"id":"531109","nama":"Rindi"},{"id":"531110","nama":"Pahunga Lodu"},{"id":"531111","nama":"Wulla Waijelu"},{"id":"531112","nama":"Paberiwai"},{"id":"531113","nama":"Karera"},{"id":"531114","nama":"Kahaungu Eti"},{"id":"531115","nama":"Matawai La Pawu"},{"id":"531116","nama":"Kambera"},{"id":"531117","nama":"Kambata Mapambuhang"},{"id":"531118","nama":"Lewa Tidahu"},{"id":"531119","nama":"Katala Hamu Lingu"},{"id":"531120","nama":"Kanatang"},{"id":"531121","nama":"Ngadu Ngala"},{"id":"531122","nama":"Mahu"}]