[{"id":"610101","nama":"Sambas"},{"id":"610102","nama":"Teluk Keramat"},{"id":"610103","nama":"Jawai"},{"id":"610104","nama":"Tebas"},{"id":"610105","nama":"Pemangkat"},{"id":"610106","nama":"Sejangkung"},{"id":"610107","nama":"Selakau"},{"id":"610108","nama":"Paloh"},{"id":"610109","nama":"Sajingan Besar"},{"id":"610110","nama":"Subah"},{"id":"610111","nama":"Galing"},{"id":"610112","nama":"Tekarang"},{"id":"610113","nama":"Semparuk"},{"id":"610114","nama":"Sajad"},{"id":"610115","nama":"Sebawi"},{"id":"610116","nama":"Jawai Selatan"},{"id":"610117","nama":"Tangaran"},{"id":"610118","nama":"Salatiga"},{"id":"610119","nama":"Selakau Timur"}]