[{"id":"610401","nama":"Matan Hilir Utara"},{"id":"610402","nama":"Marau"},{"id":"610403","nama":"Manis Mata"},{"id":"610404","nama":"Kendawangan"},{"id":"610405","nama":"Sandai"},{"id":"610407","nama":"Sungai Laur"},{"id":"610408","nama":"Simpang Hulu"},{"id":"610411","nama":"Nanga Tayap"},{"id":"610412","nama":"Matan Hilir Selatan"},{"id":"610413","nama":"Tumbang Titi"},{"id":"610414","nama":"Jelai Hulu"},{"id":"610416","nama":"Delta Pawan"},{"id":"610417","nama":"Muara Pawan"},{"id":"610418","nama":"Benua Kayong"},{"id":"610419","nama":"Hulu Sungai"},{"id":"610420","nama":"Simpang Dua"},{"id":"610421","nama":"Air Upas"},{"id":"610422","nama":"Singkup"},{"id":"610424","nama":"Pemahan"},{"id":"610425","nama":"Sungai Melayu Rayak"}]