[{"id":"610501","nama":"Sintang"},{"id":"610502","nama":"Tempunak"},{"id":"610503","nama":"Sepauk"},{"id":"610504","nama":"Ketungau Hilir"},{"id":"610505","nama":"Ketungau Tengah"},{"id":"610506","nama":"Ketungau Hulu"},{"id":"610507","nama":"Dedai"},{"id":"610508","nama":"Kayan Hilir"},{"id":"610509","nama":"Kayan Hulu"},{"id":"610514","nama":"Serawai"},{"id":"610515","nama":"Ambalau"},{"id":"610519","nama":"Kelam Permai"},{"id":"610520","nama":"Sungai Tebelian"},{"id":"610521","nama":"Binjai Hulu"}]