[{"id":"610601","nama":"Putussibau Utara"},{"id":"610602","nama":"Bika"},{"id":"610603","nama":"Embaloh Hilir"},{"id":"610604","nama":"Embaloh Hulu"},{"id":"610605","nama":"Bunut Hilir"},{"id":"610606","nama":"Bunut Hulu"},{"id":"610607","nama":"Jongkong"},{"id":"610608","nama":"Hulu Gurung"},{"id":"610609","nama":"Selimbau"},{"id":"610610","nama":"Semitau"},{"id":"610611","nama":"Seberuang"},{"id":"610612","nama":"Batang Lupar"},{"id":"610613","nama":"Empanang"},{"id":"610614","nama":"Badau"},{"id":"610615","nama":"Silat Hilir"},{"id":"610616","nama":"Silat Hulu"},{"id":"610617","nama":"Putussibau Selatan"},{"id":"610618","nama":"Kalis"},{"id":"610619","nama":"Boyan Tanjung"},{"id":"610620","nama":"Mentebah"},{"id":"610621","nama":"Pengkadan"},{"id":"610622","nama":"Suhaid"},{"id":"610623","nama":"Puring Kencana"}]