[{"id":"610701","nama":"Sungai Raya"},{"id":"610702","nama":"Samalantan"},{"id":"610703","nama":"Ledo"},{"id":"610704","nama":"Bengkayang"},{"id":"610705","nama":"Seluas"},{"id":"610706","nama":"Sanggau Ledo"},{"id":"610707","nama":"Jagoi Babang"},{"id":"610708","nama":"Monterado"},{"id":"610709","nama":"Teriak"},{"id":"610710","nama":"Suti Semarang"},{"id":"610711","nama":"Capkala"},{"id":"610712","nama":"Siding"},{"id":"610713","nama":"Lumar"},{"id":"610714","nama":"Sungai Betung"},{"id":"610715","nama":"Sungai Raya Kepulauan"},{"id":"610716","nama":"Lembah Bawang"},{"id":"610717","nama":"Tujuh Belas"}]