[{"id":"620201","nama":"Kota Besi"},{"id":"620202","nama":"Cempaga"},{"id":"620203","nama":"Mentaya Hulu"},{"id":"620204","nama":"Parenggean"},{"id":"620205","nama":"Baamang"},{"id":"620206","nama":"Mentawa Baru Ketapang"},{"id":"620207","nama":"Mentaya Hilir Utara"},{"id":"620208","nama":"Mentaya Hilir Selatan"},{"id":"620209","nama":"Pulau Hanaut"},{"id":"620210","nama":"Antang Kalang"},{"id":"620211","nama":"Teluk Sampit"},{"id":"620212","nama":"Seranau"},{"id":"620213","nama":"Cempaga Hulu"},{"id":"620214","nama":"Telawang"},{"id":"620215","nama":"Bukit Santuai"},{"id":"620216","nama":"Tualan Hulu"},{"id":"620217","nama":"Telaga Antang"}]