[{"id":"620301","nama":"Selat"},{"id":"620302","nama":"Kapuas Hilir"},{"id":"620303","nama":"Kapuas Timur"},{"id":"620304","nama":"Kapuas Kuala"},{"id":"620305","nama":"Kapuas Barat"},{"id":"620306","nama":"Pulau Petak"},{"id":"620307","nama":"Kapuas Murung"},{"id":"620308","nama":"Basarang"},{"id":"620309","nama":"Mantangai"},{"id":"620310","nama":"Timpah"},{"id":"620311","nama":"Kapuas Tengah"},{"id":"620312","nama":"Kapuas Hulu"},{"id":"620313","nama":"Tamban Catur"},{"id":"620314","nama":"Pasak Talawang"},{"id":"620315","nama":"Mandau Talawang"},{"id":"620316","nama":"Dadahup"},{"id":"620317","nama":"Bataguh"}]