[{"id":"620601","nama":"Kamipang"},{"id":"620602","nama":"Katingan Hilir"},{"id":"620603","nama":"Tewang Sangalang Garing"},{"id":"620604","nama":"Pulau Malan"},{"id":"620605","nama":"Katingan Tengah"},{"id":"620606","nama":"Sanaman Mantikei"},{"id":"620607","nama":"Marikit"},{"id":"620608","nama":"Katingan Hulu"},{"id":"620609","nama":"Mendawai"},{"id":"620610","nama":"Katingan Kuala"},{"id":"620611","nama":"Tasik Payawan"},{"id":"620612","nama":"Petak Malai"},{"id":"620613","nama":"Bukit Raya"}]