[{"id":"630201","nama":"Pulausembilan"},{"id":"630202","nama":"Pulaulaut Barat"},{"id":"630203","nama":"Pulaulaut Selatan"},{"id":"630204","nama":"Pulaulaut Timur"},{"id":"630205","nama":"Pulausebuku"},{"id":"630206","nama":"Pulaulaut Utara"},{"id":"630207","nama":"Kelumpang Selatan"},{"id":"630208","nama":"Kelumpang Hulu"},{"id":"630209","nama":"Kelumpang Tengah"},{"id":"630210","nama":"Kelumpang Utara"},{"id":"630211","nama":"Pamukan Selatan"},{"id":"630212","nama":"Sampanahan"},{"id":"630213","nama":"Pamukan Utara"},{"id":"630214","nama":"Hampang"},{"id":"630215","nama":"Sungaidurian"},{"id":"630216","nama":"Pulaulaut Tengah"},{"id":"630217","nama":"Kelumpang Hilir"},{"id":"630218","nama":"Kelumpang Barat"},{"id":"630219","nama":"Pamukan Barat"},{"id":"630220","nama":"Pulaulaut Kepulauan"},{"id":"630221","nama":"Pulaulaut Tanjung Selayar"}]