[{"id":"630301","nama":"Aluh Aluh"},{"id":"630302","nama":"Kertak Hanyar"},{"id":"630303","nama":"Gambut"},{"id":"630304","nama":"Sungai Tabuk"},{"id":"630305","nama":"Martapura"},{"id":"630306","nama":"Karang Intan"},{"id":"630307","nama":"Astambul"},{"id":"630308","nama":"Simpang Empat"},{"id":"630309","nama":"Pengarom"},{"id":"630310","nama":"Sungai Pinang"},{"id":"630311","nama":"Aranio"},{"id":"630312","nama":"Mataraman"},{"id":"630313","nama":"Beruntung Baru"},{"id":"630314","nama":"Martapura Barat"},{"id":"630315","nama":"Martapura Timur"},{"id":"630316","nama":"Sambung Makmur"},{"id":"630317","nama":"Paramasan"},{"id":"630318","nama":"Telaga Bauntung"},{"id":"630319","nama":"Tatah Makmur"},{"id":"630320","nama":"Cintapuri Darussalam"}]