[{"id":"630401","nama":"Tabunganen"},{"id":"630402","nama":"Tamban"},{"id":"630403","nama":"Anjir Pasar"},{"id":"630404","nama":"Anjir Muara"},{"id":"630405","nama":"Alalak"},{"id":"630406","nama":"Mandastana"},{"id":"630407","nama":"Rantau Badauh"},{"id":"630408","nama":"Belawang"},{"id":"630409","nama":"Cerbon"},{"id":"630410","nama":"Bakumpai"},{"id":"630411","nama":"Kuripan"},{"id":"630412","nama":"Tabukan"},{"id":"630413","nama":"Mekarsari"},{"id":"630414","nama":"Barambai"},{"id":"630415","nama":"Marabahan"},{"id":"630416","nama":"Wanaraya"},{"id":"630417","nama":"Jejangkit"}]