[{"id":"640201","nama":"Muara Muntai"},{"id":"640202","nama":"Loa Kulu"},{"id":"640203","nama":"Loa Janan"},{"id":"640204","nama":"Anggana"},{"id":"640205","nama":"Muara Badak"},{"id":"640206","nama":"Tenggarong"},{"id":"640207","nama":"Sebulu"},{"id":"640208","nama":"Kota Bangun"},{"id":"640209","nama":"Kenohan"},{"id":"640210","nama":"Kembang Janggut"},{"id":"640211","nama":"Muara Kaman"},{"id":"640212","nama":"Tabang"},{"id":"640213","nama":"Samboja"},{"id":"640214","nama":"Muara Jawa"},{"id":"640215","nama":"Sanga Sanga"},{"id":"640216","nama":"Tenggarong Seberang"},{"id":"640217","nama":"Marang Kayu"},{"id":"640218","nama":"Muara Wis"}]