[{"id":"6404010","nama":"MUARA ANCALONG"},{"id":"6404011","nama":"BUSANG"},{"id":"6404012","nama":"LONG MESANGAT"},{"id":"6404020","nama":"MUARA WAHAU"},{"id":"6404021","nama":"TELEN"},{"id":"6404022","nama":"KONGBENG"},{"id":"6404030","nama":"MUARA BENGKAL"},{"id":"6404031","nama":"BATU AMPAR"},{"id":"6404040","nama":"SANGATTA UTARA"},{"id":"6404041","nama":"BENGALON"},{"id":"6404042","nama":"TELUK PANDAN"},{"id":"6404043","nama":"SANGATTA SELATAN"},{"id":"6404044","nama":"RANTAU PULUNG"},{"id":"6404050","nama":"SANGKULIRANG"},{"id":"6404051","nama":"KALIORANG"},{"id":"6404052","nama":"SANDARAN"},{"id":"6404053","nama":"KAUBUN"},{"id":"6404054","nama":"KARANGAN"}]