[{"id":"640705","nama":"Long Iram"},{"id":"640706","nama":"Melak"},{"id":"640707","nama":"Barong Tongkok"},{"id":"640708","nama":"Damai"},{"id":"640709","nama":"Muara Lawa"},{"id":"640710","nama":"Muara Pahu"},{"id":"640711","nama":"Jempang"},{"id":"640712","nama":"Bongan"},{"id":"640713","nama":"Penyinggahan"},{"id":"640714","nama":"Bentian Besar"},{"id":"640715","nama":"Linggang Bigung"},{"id":"640716","nama":"Nyuatan"},{"id":"640717","nama":"Siluq Ngurai"},{"id":"640718","nama":"Mook Manaar Bulatn"},{"id":"640719","nama":"Tering"},{"id":"640720","nama":"Sekolaq Darat"}]