[{"id":"640801","nama":"Muara Ancalong"},{"id":"640802","nama":"Muara Wahau"},{"id":"640803","nama":"Muara Bengkal"},{"id":"640804","nama":"Sangatta Utara"},{"id":"640805","nama":"Sangkulirang"},{"id":"640806","nama":"Busang"},{"id":"640807","nama":"Telen"},{"id":"640808","nama":"Kombeng"},{"id":"640809","nama":"Bengalon"},{"id":"640810","nama":"Kaliorang"},{"id":"640811","nama":"Sandaran"},{"id":"640812","nama":"Sangatta Selatan"},{"id":"640813","nama":"Teluk Pandan"},{"id":"640814","nama":"Rantau Pulung"},{"id":"640815","nama":"Kaubun"},{"id":"640816","nama":"Karangan"},{"id":"640817","nama":"Batu Ampar"},{"id":"640818","nama":"Long Mesangat"}]