[{"id":"650201","nama":"Mentarang"},{"id":"650202","nama":"Malinau Kota"},{"id":"650203","nama":"Pujungan"},{"id":"650204","nama":"Kayan Hilir"},{"id":"650205","nama":"Kayan Hulu"},{"id":"650206","nama":"Malinau Selatan"},{"id":"650207","nama":"Malinau Utara"},{"id":"650208","nama":"Malinau Barat"},{"id":"650209","nama":"Sungai Boh"},{"id":"650210","nama":"Kayan Selatan"},{"id":"650211","nama":"Bahau Hulu"},{"id":"650212","nama":"Mentarang Hulu"},{"id":"650213","nama":"Malinau Selatan Hilir"},{"id":"650214","nama":"Malinau Selatan Hulu"},{"id":"650215","nama":"Sungai Tubu"}]