[{"id":"650301","nama":"Sebatik"},{"id":"650302","nama":"Nunukan"},{"id":"650303","nama":"Sembakung"},{"id":"650304","nama":"Lumbis"},{"id":"650305","nama":"Krayan"},{"id":"650306","nama":"Sebuku"},{"id":"650307","nama":"Krayan Selatan"},{"id":"650308","nama":"Sebatik Barat"},{"id":"650309","nama":"Nunukan Selatan"},{"id":"650310","nama":"Sebatik Timur"},{"id":"650311","nama":"Sebatik Utara"},{"id":"650312","nama":"Sebatik Tengah"},{"id":"650313","nama":"Sei Menggaris"},{"id":"650314","nama":"Tulin Onsoi"},{"id":"650315","nama":"Lumbis Ogong"},{"id":"650316","nama":"Sembakung Atulai"},{"id":"650317","nama":"Krayan Tengah"},{"id":"650318","nama":"Krayan Timur"},{"id":"650319","nama":"Krayan Barat"}]