[{"id":"710105","nama":"Sang Tombolang"},{"id":"710109","nama":"Dumoga Barat"},{"id":"710110","nama":"Dumoga Timur"},{"id":"710111","nama":"Dumoga Utara"},{"id":"710112","nama":"Lolak"},{"id":"710113","nama":"Bolaang"},{"id":"710114","nama":"Lolayan"},{"id":"710119","nama":"Passi Barat"},{"id":"710120","nama":"Poigar"},{"id":"710122","nama":"Passi Timur"},{"id":"710131","nama":"Bolaang Timur"},{"id":"710132","nama":"Bilalang"},{"id":"710133","nama":"Dumoga"},{"id":"710134","nama":"Dumoga Tenggara"},{"id":"710135","nama":"Dumoga Tengah"}]