[{"id":"710201","nama":"Tondano Barat"},{"id":"710202","nama":"Tondano Timur"},{"id":"710203","nama":"Eris"},{"id":"710204","nama":"Kombi"},{"id":"710205","nama":"Lembean Timur"},{"id":"710206","nama":"Kakas"},{"id":"710207","nama":"Tompaso"},{"id":"710208","nama":"Remboken"},{"id":"710209","nama":"Langowan Timur"},{"id":"710210","nama":"Langowan Barat"},{"id":"710211","nama":"Sonder"},{"id":"710212","nama":"Kawangkoan"},{"id":"710213","nama":"Pineleng"},{"id":"710214","nama":"Tombulu"},{"id":"710215","nama":"Tombariri"},{"id":"710216","nama":"Tondano Utara"},{"id":"710217","nama":"Langowan Selatan"},{"id":"710218","nama":"Tondano Selatan"},{"id":"710219","nama":"Langowan Utara"},{"id":"710220","nama":"Kakas Barat"},{"id":"710221","nama":"Kawangkoan Utara"},{"id":"710222","nama":"Kawangkoan Barat"},{"id":"710223","nama":"Mandolang"},{"id":"710224","nama":"Tombariri Timur"},{"id":"710225","nama":"Tompaso Barat"}]