[{"id":"710308","nama":"Tabukan Utara"},{"id":"710309","nama":"Nusa Tabukan"},{"id":"710310","nama":"Manganitu Selatan"},{"id":"710311","nama":"Tatoareng"},{"id":"710312","nama":"Tamako"},{"id":"710313","nama":"Manganitu"},{"id":"710314","nama":"Tabukan Tengah"},{"id":"710315","nama":"Tabukan Selatan"},{"id":"710316","nama":"Kendahe"},{"id":"710317","nama":"Tahuna"},{"id":"710319","nama":"Tabukan Selatan Tengah"},{"id":"710320","nama":"Tabukan Selatan Tenggara"},{"id":"710323","nama":"Tahuna Barat"},{"id":"710324","nama":"Tahuna Timur"},{"id":"710325","nama":"Kepulauan Marore"}]