[{"id":"710401","nama":"Lirung"},{"id":"710402","nama":"Beo"},{"id":"710403","nama":"Rainis"},{"id":"710404","nama":"Essang"},{"id":"710405","nama":"Nanusa"},{"id":"710406","nama":"Kabaruan"},{"id":"710407","nama":"Melonguane"},{"id":"710408","nama":"Gemeh"},{"id":"710409","nama":"Damau"},{"id":"710410","nama":"Tampan' Amma"},{"id":"710411","nama":"Salibabu"},{"id":"710412","nama":"Kalongan"},{"id":"710413","nama":"Miangas"},{"id":"710414","nama":"Beo Utara"},{"id":"710415","nama":"Pulutan"},{"id":"710416","nama":"Melonguane Timur"},{"id":"710417","nama":"Moronge"},{"id":"710418","nama":"Beo Selatan"},{"id":"710419","nama":"Essang Selatan"}]