[{"id":"710501","nama":"Modoinding"},{"id":"710502","nama":"Tompaso Baru"},{"id":"710503","nama":"Ranoyapo"},{"id":"710507","nama":"Motoling"},{"id":"710508","nama":"Sinonsayang"},{"id":"710509","nama":"Tenga"},{"id":"710510","nama":"Amurang"},{"id":"710512","nama":"Tumpaan"},{"id":"710513","nama":"Tareran"},{"id":"710515","nama":"Kumelembuai"},{"id":"710516","nama":"Maesaan"},{"id":"710517","nama":"Amurang Barat"},{"id":"710518","nama":"Amurang Timur"},{"id":"710519","nama":"Tatapaan"},{"id":"710521","nama":"Motoling Barat"},{"id":"710522","nama":"Motoling Timur"},{"id":"710523","nama":"Suluun Tareran"}]