[{"id":"720101","nama":"Batui"},{"id":"720102","nama":"Bunta"},{"id":"720103","nama":"Kintom"},{"id":"720104","nama":"Luwuk"},{"id":"720105","nama":"Lamala"},{"id":"720106","nama":"Balantak"},{"id":"720107","nama":"Pagimana"},{"id":"720108","nama":"Bualemo"},{"id":"720109","nama":"Toili"},{"id":"720110","nama":"Masama"},{"id":"720111","nama":"Luwuk Timur"},{"id":"720112","nama":"Toili Barat"},{"id":"720113","nama":"Nuhon"},{"id":"720114","nama":"Moilong"},{"id":"720115","nama":"Batui Selatan"},{"id":"720116","nama":"Lobu"},{"id":"720117","nama":"Simpang Raya"},{"id":"720118","nama":"Balantak Selatan"},{"id":"720119","nama":"Balantak Utara"},{"id":"720120","nama":"Luwuk Selatan"},{"id":"720121","nama":"Luwuk Utara"},{"id":"720122","nama":"Mantoh"},{"id":"720123","nama":"Nambo"}]