[{"id":"720201","nama":"Poso Kota"},{"id":"720202","nama":"Poso Pesisir"},{"id":"720203","nama":"Lage"},{"id":"720204","nama":"Pamona Puselemba"},{"id":"720205","nama":"Pamona Timur"},{"id":"720206","nama":"Pamona Selatan"},{"id":"720207","nama":"Lore Utara"},{"id":"720208","nama":"Lore Tengah"},{"id":"720209","nama":"Lore Selatan"},{"id":"720218","nama":"Poso Pesisir Utara"},{"id":"720219","nama":"Poso Pesisir Selatan"},{"id":"720220","nama":"Pamona Barat"},{"id":"720221","nama":"Poso Kota Selatan"},{"id":"720222","nama":"Poso Kota Utara"},{"id":"720223","nama":"Lore Barat"},{"id":"720224","nama":"Lore Timur"},{"id":"720225","nama":"Lore Piore"},{"id":"720226","nama":"Pamona Tenggara"},{"id":"720227","nama":"Pamona Utara"}]