[{"id":"720304","nama":"Rio Pakava"},{"id":"720306","nama":"Dampelas"},{"id":"720308","nama":"Banawa"},{"id":"720309","nama":"Labuan"},{"id":"720310","nama":"Sindue"},{"id":"720311","nama":"Sirenja"},{"id":"720312","nama":"Balaesang"},{"id":"720314","nama":"Sojol"},{"id":"720318","nama":"Banawa Selatan"},{"id":"720319","nama":"Tanantovea"},{"id":"720321","nama":"Pinembani"},{"id":"720324","nama":"Sindue Tombusabora"},{"id":"720325","nama":"Sindue Tobata"},{"id":"720327","nama":"Banawa Tengah"},{"id":"720330","nama":"Sojol Utara"},{"id":"720331","nama":"Balaesang Tanjung"}]