[{"id":"720801","nama":"Parigi"},{"id":"720802","nama":"Ampibabo"},{"id":"720803","nama":"Tinombo"},{"id":"720804","nama":"Moutong"},{"id":"720805","nama":"Tomini"},{"id":"720806","nama":"Sausu"},{"id":"720807","nama":"Bolano Lambunu"},{"id":"720808","nama":"Kasimbar"},{"id":"720809","nama":"Torue"},{"id":"720810","nama":"Tinombo Selatan"},{"id":"720811","nama":"Parigi Selatan"},{"id":"720812","nama":"Mepanga"},{"id":"720813","nama":"Toribulu"},{"id":"720814","nama":"Taopa"},{"id":"720815","nama":"Balinggi"},{"id":"720816","nama":"Parigi Barat"},{"id":"720817","nama":"Siniu"},{"id":"720818","nama":"Palasa"},{"id":"720819","nama":"Parigi Utara"},{"id":"720820","nama":"Parigi Tengah"},{"id":"720821","nama":"Bolano"},{"id":"720822","nama":"Ongka Malino"},{"id":"720823","nama":"Sidoan"}]