[{"id":"721001","nama":"Sigi Biromaru"},{"id":"721002","nama":"Palolo"},{"id":"721003","nama":"Nokilalaki"},{"id":"721004","nama":"Lindu"},{"id":"721005","nama":"Kulawi"},{"id":"721006","nama":"Kulawi Selatan"},{"id":"721007","nama":"Pipikoro"},{"id":"721008","nama":"Gumbasa"},{"id":"721009","nama":"Dolo Selatan"},{"id":"721010","nama":"Tanambulava"},{"id":"721011","nama":"Dolo Barat"},{"id":"721012","nama":"Dolo"},{"id":"721013","nama":"Kinovaro"},{"id":"721014","nama":"Marawola"},{"id":"721015","nama":"Marawola Barat"}]