[{"id":"730601","nama":"Bontonompo"},{"id":"730602","nama":"Bajeng"},{"id":"730603","nama":"Tompobullu"},{"id":"730604","nama":"Tinggimoncong"},{"id":"730605","nama":"Parangloe"},{"id":"730606","nama":"Bontomarannu"},{"id":"730607","nama":"Palangga"},{"id":"730608","nama":"Somba Upu"},{"id":"730609","nama":"Bungaya"},{"id":"730610","nama":"Tombolopao"},{"id":"730611","nama":"Biringbulu"},{"id":"730612","nama":"Barombong"},{"id":"730613","nama":"Pattalasang"},{"id":"730614","nama":"Manuju"},{"id":"730615","nama":"Bontolempangang"},{"id":"730616","nama":"Bontonompo Selatan"},{"id":"730617","nama":"Parigi"},{"id":"730618","nama":"Bajeng Barat"}]