[{"id":"730801","nama":"Bontocani"},{"id":"730802","nama":"Kahu"},{"id":"730803","nama":"Kajuara"},{"id":"730804","nama":"Salomekko"},{"id":"730805","nama":"Tonra"},{"id":"730806","nama":"Libureng"},{"id":"730807","nama":"Mare"},{"id":"730808","nama":"Sibulue"},{"id":"730809","nama":"Barebbo"},{"id":"730810","nama":"Cina"},{"id":"730811","nama":"Ponre"},{"id":"730812","nama":"Lappariaja"},{"id":"730813","nama":"Lamuru"},{"id":"730814","nama":"Ulaweng"},{"id":"730815","nama":"Palakka"},{"id":"730816","nama":"Awangpone"},{"id":"730817","nama":"Tellu Siattinge"},{"id":"730818","nama":"Ajangale"},{"id":"730819","nama":"Dua Boccoe"},{"id":"730820","nama":"Cenrana"},{"id":"730821","nama":"Tanete Riattang"},{"id":"730822","nama":"Tanete Riattang Barat"},{"id":"730823","nama":"Tanete Riattang Timur"},{"id":"730824","nama":"Amali"},{"id":"730825","nama":"Tellulimpoe"},{"id":"730826","nama":"Bengo"},{"id":"730827","nama":"Patimpeng"}]