[{"id":"731701","nama":"Basse Sangtempe"},{"id":"731702","nama":"Larompong"},{"id":"731703","nama":"Suli"},{"id":"731704","nama":"Bajo"},{"id":"731705","nama":"Bua Ponrang"},{"id":"731706","nama":"Walenrang"},{"id":"731707","nama":"Belopa"},{"id":"731708","nama":"Bua"},{"id":"731709","nama":"Lamasi"},{"id":"731710","nama":"Larompong Selatan"},{"id":"731711","nama":"Ponrang"},{"id":"731712","nama":"Latimojong"},{"id":"731713","nama":"Kamanre"},{"id":"731714","nama":"Belopa Utara"},{"id":"731715","nama":"Walenrang Barat"},{"id":"731716","nama":"Walenrang Utara"},{"id":"731717","nama":"Walenrang Timur"},{"id":"731718","nama":"Lamasi Timur"},{"id":"731719","nama":"Suli Barat"},{"id":"731720","nama":"Bajo Barat"},{"id":"731721","nama":"Ponrang Selatan"},{"id":"731722","nama":"Basse Sangtempe Utara"}]