[{"id":"731801","nama":"Saluputi"},{"id":"731802","nama":"Bittuang"},{"id":"731803","nama":"Bonggakaradeng"},{"id":"731805","nama":"Makale"},{"id":"731809","nama":"Simbuang"},{"id":"731811","nama":"Rantetayo"},{"id":"731812","nama":"Mengkendek"},{"id":"731813","nama":"Sangalla"},{"id":"731819","nama":"Gandangbatu Sillanan"},{"id":"731820","nama":"Rembon"},{"id":"731827","nama":"Makale Utara"},{"id":"731828","nama":"Mappak"},{"id":"731829","nama":"Makale Selatan"},{"id":"731831","nama":"Masanda"},{"id":"731833","nama":"Sangalla Selatan"},{"id":"731834","nama":"Sangalla Utara"},{"id":"731835","nama":"Malimbong Balepe"},{"id":"731837","nama":"Rano"},{"id":"731838","nama":"Kurra"}]