[{"id":"732201","nama":"Malangke"},{"id":"732202","nama":"Bone Bone"},{"id":"732203","nama":"Masamba"},{"id":"732204","nama":"Sabbang"},{"id":"732205","nama":"Limbong"},{"id":"732206","nama":"Sukamaju"},{"id":"732207","nama":"Seko"},{"id":"732208","nama":"Malangke Barat"},{"id":"732209","nama":"Rampi"},{"id":"732210","nama":"Mappedeceng"},{"id":"732211","nama":"Baebunta"},{"id":"732212","nama":"Tana Lili"},{"id":"732213","nama":"Sukamaju Selatan"},{"id":"732214","nama":"Baebunta Selatan"},{"id":"732215","nama":"Sabbang Selatan"}]