[{"id":"732601","nama":"Rantepao"},{"id":"732602","nama":"Sesean"},{"id":"732603","nama":"Nanggala"},{"id":"732604","nama":"Rindingallo"},{"id":"732605","nama":"Buntao"},{"id":"732606","nama":"Sa'dan"},{"id":"732607","nama":"Sanggalangi"},{"id":"732608","nama":"Sopai"},{"id":"732609","nama":"Tikala"},{"id":"732610","nama":"Balusu"},{"id":"732611","nama":"Tallunglipu"},{"id":"732612","nama":"Dende' Piongan Napo"},{"id":"732613","nama":"Buntu Pepasan"},{"id":"732614","nama":"Baruppu"},{"id":"732615","nama":"Kesu"},{"id":"732616","nama":"Tondon"},{"id":"732617","nama":"Bangkelekila"},{"id":"732618","nama":"Rantebua"},{"id":"732619","nama":"Sesean Suloara"},{"id":"732620","nama":"Kapala Pitu"},{"id":"732621","nama":"Awan Rante Karua"}]