[{"id":"737101","nama":"Mariso"},{"id":"737102","nama":"Mamajang"},{"id":"737103","nama":"Makassar"},{"id":"737104","nama":"Ujung Pandang"},{"id":"737105","nama":"Wajo"},{"id":"737106","nama":"Bontoala"},{"id":"737107","nama":"Tallo"},{"id":"737108","nama":"Ujung Tanah"},{"id":"737109","nama":"Panakkukang"},{"id":"737110","nama":"Tamalate"},{"id":"737111","nama":"Biringkanaya"},{"id":"737112","nama":"Manggala"},{"id":"737113","nama":"Rappocini"},{"id":"737114","nama":"Tamalanrea"},{"id":"737115","nama":"Kepulauan Sangkarrang"}]