[{"id":"740201","nama":"Lambuya"},{"id":"740202","nama":"Unaaha"},{"id":"740203","nama":"Wawotobi"},{"id":"740204","nama":"Pondidaha"},{"id":"740205","nama":"Sampara"},{"id":"740210","nama":"Abuki"},{"id":"740211","nama":"Soropia"},{"id":"740215","nama":"Tongauna"},{"id":"740216","nama":"Latoma"},{"id":"740217","nama":"Puriala"},{"id":"740218","nama":"Uepai"},{"id":"740219","nama":"Wonggeduku"},{"id":"740220","nama":"Besulutu"},{"id":"740221","nama":"Bondoala"},{"id":"740223","nama":"Routa"},{"id":"740224","nama":"Anggaberi"},{"id":"740225","nama":"Meluhu"},{"id":"740228","nama":"Amonggedo"},{"id":"740231","nama":"Asinua"},{"id":"740232","nama":"Konawe"},{"id":"740233","nama":"Kapoiala"},{"id":"740236","nama":"Lalonggasumeeto"},{"id":"740237","nama":"Onembute"},{"id":"740238","nama":"Padangguni"},{"id":"740239","nama":"Morosi"},{"id":"740240","nama":"Anggalomoare"},{"id":"740241","nama":"Wonggeduku Barat"}]