[{"id":"740306","nama":"Napabalano"},{"id":"740307","nama":"Maligano"},{"id":"740313","nama":"Wakorumba Selatan"},{"id":"740314","nama":"Lasalepa"},{"id":"740315","nama":"Batalaiwaru"},{"id":"740316","nama":"Katobu"},{"id":"740317","nama":"Duruka"},{"id":"740318","nama":"Lohia"},{"id":"740319","nama":"Watopute"},{"id":"740320","nama":"Kontunaga"},{"id":"740323","nama":"Kabangka"},{"id":"740324","nama":"Kabawo"},{"id":"740325","nama":"Parigi"},{"id":"740326","nama":"Bone"},{"id":"740327","nama":"Tongkuno"},{"id":"740328","nama":"Pasir Putih"},{"id":"740330","nama":"Kontu Kowuna"},{"id":"740331","nama":"Marobo"},{"id":"740332","nama":"Tongkuno Selatan"},{"id":"740333","nama":"Pasi Kolaga"},{"id":"740334","nama":"Batukara"},{"id":"740337","nama":"Towea"}]