[{"id":"740501","nama":"Tinanggea"},{"id":"740502","nama":"Angata"},{"id":"740503","nama":"Andoolo"},{"id":"740504","nama":"Palangga"},{"id":"740505","nama":"Landono"},{"id":"740506","nama":"Lainea"},{"id":"740507","nama":"Konda"},{"id":"740508","nama":"Ranomeeto"},{"id":"740509","nama":"Kolono"},{"id":"740510","nama":"Moramo"},{"id":"740511","nama":"Laonti"},{"id":"740512","nama":"Lalembuu"},{"id":"740513","nama":"Benua"},{"id":"740514","nama":"Palangga Selatan"},{"id":"740515","nama":"Mowila"},{"id":"740516","nama":"Moramo Utara"},{"id":"740517","nama":"Buke"},{"id":"740518","nama":"Wolasi"},{"id":"740519","nama":"Laeya"},{"id":"740520","nama":"Baito"},{"id":"740521","nama":"Basala"},{"id":"740522","nama":"Ranomeeto Barat"},{"id":"740523","nama":"Kolono Timur"},{"id":"740524","nama":"Sabulakoa"},{"id":"740525","nama":"Andoolo Barat"}]