[{"id":"740601","nama":"Poleang"},{"id":"740602","nama":"Poleang Timur"},{"id":"740603","nama":"Rarowatu"},{"id":"740604","nama":"Rumbia"},{"id":"740605","nama":"Kabaena"},{"id":"740606","nama":"Kabaena Timur"},{"id":"740607","nama":"Poleang Barat"},{"id":"740608","nama":"Mata Oleo"},{"id":"740609","nama":"Rarowatu Utara"},{"id":"740610","nama":"Poleang Utara"},{"id":"740611","nama":"Poleang Selatan"},{"id":"740612","nama":"Poleang Tenggara"},{"id":"740613","nama":"Kabaena Selatan"},{"id":"740614","nama":"Kabaena Barat"},{"id":"740615","nama":"Kabaena Utara"},{"id":"740616","nama":"Kabaena Tengah"},{"id":"740617","nama":"Kep. Masaloka Raya"},{"id":"740618","nama":"Rumbia Tengah"},{"id":"740619","nama":"Poleang Tengah"},{"id":"740620","nama":"Tontonunu"},{"id":"740621","nama":"Lantari Jaya"},{"id":"740622","nama":"Mata Usu"}]