[{"id":"750101","nama":"Limboto"},{"id":"750102","nama":"Telaga"},{"id":"750103","nama":"Batudaa"},{"id":"750104","nama":"Tibawa"},{"id":"750105","nama":"Batudaa Pantai"},{"id":"750109","nama":"Boliyohuto"},{"id":"750110","nama":"Telaga Biru"},{"id":"750111","nama":"Bongomeme"},{"id":"750113","nama":"Tolangohula"},{"id":"750114","nama":"Mootilango"},{"id":"750116","nama":"Pulubala"},{"id":"750117","nama":"Limboto Barat"},{"id":"750118","nama":"Tilango"},{"id":"750119","nama":"Tabongo"},{"id":"750120","nama":"Biluhu"},{"id":"750121","nama":"Asparaga"},{"id":"750122","nama":"Talaga Jaya"},{"id":"750123","nama":"Bilato"},{"id":"750124","nama":"Dungaliyo"}]