[{"id":"750301","nama":"Tapa"},{"id":"750302","nama":"Kabila"},{"id":"750303","nama":"Suwawa"},{"id":"750304","nama":"Bonepantai"},{"id":"750305","nama":"Bulango Utara"},{"id":"750306","nama":"Tilongkabila"},{"id":"750307","nama":"Botupingge"},{"id":"750308","nama":"Kabila Bone"},{"id":"750309","nama":"Bone"},{"id":"750310","nama":"Bone Raya"},{"id":"750311","nama":"Suwawa Timur"},{"id":"750312","nama":"Suwawa Selatan"},{"id":"750313","nama":"Suwawa Tengah"},{"id":"750314","nama":"Bulango Ulu"},{"id":"750315","nama":"Bulango Selatan"},{"id":"750316","nama":"Bulango Timur"},{"id":"750317","nama":"Bulawa"},{"id":"750318","nama":"Pinogu"}]