[{"id":"760301","nama":"Mambi"},{"id":"760302","nama":"Aralle"},{"id":"760303","nama":"Mamasa"},{"id":"760304","nama":"Pana"},{"id":"760305","nama":"Tabulahan"},{"id":"760306","nama":"Sumarorong"},{"id":"760307","nama":"Messawa"},{"id":"760308","nama":"Sesenapadang"},{"id":"760309","nama":"Tanduk Kalua"},{"id":"760310","nama":"Tabang"},{"id":"760311","nama":"Bambang"},{"id":"760312","nama":"Balla"},{"id":"760313","nama":"Nosu"},{"id":"760314","nama":"Tawalian"},{"id":"760315","nama":"Rantebulahan Timur"},{"id":"760316","nama":"Buntumalangka"},{"id":"760317","nama":"Mehalaan"}]