[{"id":"760401","nama":"Tinambung"},{"id":"760402","nama":"Campalagian"},{"id":"760403","nama":"Wonomulyo"},{"id":"760404","nama":"Polewali"},{"id":"760405","nama":"Tutar"},{"id":"760406","nama":"Binuang"},{"id":"760407","nama":"Tapango"},{"id":"760408","nama":"Mapilli"},{"id":"760409","nama":"Matangnga"},{"id":"760410","nama":"Luyo"},{"id":"760411","nama":"Limboro"},{"id":"760412","nama":"Balanipa"},{"id":"760413","nama":"Anreapi"},{"id":"760414","nama":"Matakali"},{"id":"760415","nama":"Allu"},{"id":"760416","nama":"Bulo"}]