[{"id":"810101","nama":"Amahai"},{"id":"810102","nama":"Teon Nila Serua"},{"id":"810106","nama":"Seram Utara"},{"id":"810109","nama":"Banda"},{"id":"810111","nama":"Tehoru"},{"id":"810112","nama":"Saparua"},{"id":"810113","nama":"Pulau Haruku"},{"id":"810114","nama":"Salahutu"},{"id":"810115","nama":"Leihitu"},{"id":"810116","nama":"Nusa Laut"},{"id":"810117","nama":"Kota Masohi"},{"id":"810120","nama":"Seram Utara Barat"},{"id":"810121","nama":"Teluk Elpaputih"},{"id":"810122","nama":"Leihitu Barat"},{"id":"810123","nama":"Telutih"},{"id":"810124","nama":"Seram Utara Timur Seti"},{"id":"810125","nama":"Seram Utara Timur Kobi"},{"id":"810126","nama":"Saparua Timur"}]