[{"id":"810501","nama":"Bula"},{"id":"810502","nama":"Seram Timur"},{"id":"810503","nama":"Werinama"},{"id":"810504","nama":"Pulau Gorom"},{"id":"810505","nama":"Wakate"},{"id":"810506","nama":"Tutuk Tolu"},{"id":"810507","nama":"Siwalalat"},{"id":"810508","nama":"Kilmury"},{"id":"810509","nama":"Pulau Panjang"},{"id":"810510","nama":"Teor"},{"id":"810511","nama":"Gorom Timur"},{"id":"810512","nama":"Bula Barat"},{"id":"810513","nama":"Kian Darat"},{"id":"810514","nama":"Siritaun Wida Timur"},{"id":"810515","nama":"Teluk Waru"}]