[{"id":"810801","nama":"Moa Lakor"},{"id":"810802","nama":"Damer"},{"id":"810803","nama":"Mndona Hiera"},{"id":"810804","nama":"Pulau-Pulau Babar"},{"id":"810805","nama":"Pulau-pulau Babar Timur"},{"id":"810806","nama":"Wetar"},{"id":"810807","nama":"Pulau-pulau Terselatan"},{"id":"810808","nama":"Pulau Leti"},{"id":"810809","nama":"Pulau Masela"},{"id":"810810","nama":"Dawelor Dawera"},{"id":"810811","nama":"Pulau Wetang"},{"id":"810812","nama":"Pulau Lakor"},{"id":"810813","nama":"Wetar Utara"},{"id":"810814","nama":"Wetar Barat"},{"id":"810815","nama":"Wetar Timur"},{"id":"810816","nama":"Kepulauan Romang"},{"id":"810817","nama":"Kisar Utara"}]