[{"id":"1101","nama":"KAB. ACEH SELATAN"},{"id":"1102","nama":"KAB. ACEH TENGGARA"},{"id":"1103","nama":"KAB. ACEH TIMUR"},{"id":"1104","nama":"KAB. ACEH TENGAH"},{"id":"1105","nama":"KAB. ACEH BARAT"},{"id":"1106","nama":"KAB. ACEH BESAR"},{"id":"1107","nama":"KAB. PIDIE"},{"id":"1108","nama":"KAB. ACEH UTARA"},{"id":"1109","nama":"KAB. SIMEULUE"},{"id":"1110","nama":"KAB. ACEH SINGKIL"},{"id":"1111","nama":"KAB. BIREUEN"},{"id":"1112","nama":"KAB. ACEH BARAT DAYA"},{"id":"1113","nama":"KAB. GAYO LUES"},{"id":"1114","nama":"KAB. ACEH JAYA"},{"id":"1115","nama":"KAB. NAGAN RAYA"},{"id":"1116","nama":"KAB. ACEH TAMIANG"},{"id":"1117","nama":"KAB. BENER MERIAH"},{"id":"1118","nama":"KAB. PIDIE JAYA"},{"id":"1171","nama":"KOTA BANDA ACEH"},{"id":"1172","nama":"KOTA SABANG"},{"id":"1173","nama":"KOTA LHOKSEUMAWE"},{"id":"1174","nama":"KOTA LANGSA"},{"id":"1175","nama":"KOTA SUBULUSSALAM"}]