[{"id":"1601","nama":"KAB. OGAN KOMERING ULU"},{"id":"1602","nama":"KAB. OGAN KOMERING ILIR"},{"id":"1603","nama":"KAB. MUARA ENIM"},{"id":"1604","nama":"KAB. LAHAT"},{"id":"1605","nama":"KAB. MUSI RAWAS"},{"id":"1606","nama":"KAB. MUSI BANYUASIN"},{"id":"1607","nama":"KAB. BANYUASIN"},{"id":"1608","nama":"KAB. OGAN KOMERING ULU TIMUR"},{"id":"1609","nama":"KAB. OGAN KOMERING ULU SELATAN"},{"id":"1610","nama":"KAB. OGAN ILIR"},{"id":"1611","nama":"KAB. EMPAT LAWANG"},{"id":"1612","nama":"KAB. PENUKAL ABAB LEMATANG ILIR"},{"id":"1613","nama":"KAB. MUSI RAWAS UTARA"},{"id":"1671","nama":"KOTA PALEMBANG"},{"id":"1672","nama":"KOTA PAGAR ALAM"},{"id":"1673","nama":"KOTA LUBUK LINGGAU"},{"id":"1674","nama":"KOTA PRABUMULIH"}]