[{"id":"1801","nama":"KAB. LAMPUNG SELATAN"},{"id":"1802","nama":"KAB. LAMPUNG TENGAH"},{"id":"1803","nama":"KAB. LAMPUNG UTARA"},{"id":"1804","nama":"KAB. LAMPUNG BARAT"},{"id":"1805","nama":"KAB. TULANG BAWANG"},{"id":"1806","nama":"KAB. TANGGAMUS"},{"id":"1807","nama":"KAB. LAMPUNG TIMUR"},{"id":"1808","nama":"KAB. WAY KANAN"},{"id":"1809","nama":"KAB. PESAWARAN"},{"id":"1810","nama":"KAB. PRINGSEWU"},{"id":"1811","nama":"KAB. MESUJI"},{"id":"1812","nama":"KAB. TULANG BAWANG BARAT"},{"id":"1813","nama":"KAB. PESISIR BARAT"},{"id":"1871","nama":"KOTA BANDAR LAMPUNG"},{"id":"1872","nama":"KOTA METRO"}]