[{"id":"3501","nama":"KAB. PACITAN"},{"id":"3502","nama":"KAB. PONOROGO"},{"id":"3503","nama":"KAB. TRENGGALEK"},{"id":"3504","nama":"KAB. TULUNGAGUNG"},{"id":"3505","nama":"KAB. BLITAR"},{"id":"3506","nama":"KAB. KEDIRI"},{"id":"3507","nama":"KAB. MALANG"},{"id":"3508","nama":"KAB. LUMAJANG"},{"id":"3509","nama":"KAB. JEMBER"},{"id":"3510","nama":"KAB. BANYUWANGI"},{"id":"3511","nama":"KAB. BONDOWOSO"},{"id":"3512","nama":"KAB. SITUBONDO"},{"id":"3513","nama":"KAB. PROBOLINGGO"},{"id":"3514","nama":"KAB. PASURUAN"},{"id":"3515","nama":"KAB. SIDOARJO"},{"id":"3516","nama":"KAB. MOJOKERTO"},{"id":"3517","nama":"KAB. JOMBANG"},{"id":"3518","nama":"KAB. NGANJUK"},{"id":"3519","nama":"KAB. MADIUN"},{"id":"3520","nama":"KAB. MAGETAN"},{"id":"3521","nama":"KAB. NGAWI"},{"id":"3522","nama":"KAB. BOJONEGORO"},{"id":"3523","nama":"KAB. TUBAN"},{"id":"3524","nama":"KAB. LAMONGAN"},{"id":"3525","nama":"KAB. GRESIK"},{"id":"3526","nama":"KAB. BANGKALAN"},{"id":"3527","nama":"KAB. SAMPANG"},{"id":"3528","nama":"KAB. PAMEKASAN"},{"id":"3529","nama":"KAB. SUMENEP"},{"id":"3571","nama":"KOTA KEDIRI"},{"id":"3572","nama":"KOTA BLITAR"},{"id":"3573","nama":"KOTA MALANG"},{"id":"3574","nama":"KOTA PROBOLINGGO"},{"id":"3575","nama":"KOTA PASURUAN"},{"id":"3576","nama":"KOTA MOJOKERTO"},{"id":"3577","nama":"KOTA MADIUN"},{"id":"3578","nama":"KOTA SURABAYA"},{"id":"3579","nama":"KOTA BATU"}]