[{"id":"5301","nama":"KAB. KUPANG"},{"id":"5302","nama":"KAB TIMOR TENGAH SELATAN"},{"id":"5303","nama":"KAB. TIMOR TENGAH UTARA"},{"id":"5304","nama":"KAB. BELU"},{"id":"5305","nama":"KAB. ALOR"},{"id":"5306","nama":"KAB. FLORES TIMUR"},{"id":"5307","nama":"KAB. SIKKA"},{"id":"5308","nama":"KAB. ENDE"},{"id":"5309","nama":"KAB. NGADA"},{"id":"5310","nama":"KAB. MANGGARAI"},{"id":"5311","nama":"KAB. SUMBA TIMUR"},{"id":"5312","nama":"KAB. SUMBA BARAT"},{"id":"5313","nama":"KAB. LEMBATA"},{"id":"5314","nama":"KAB. ROTE NDAO"},{"id":"5315","nama":"KAB. MANGGARAI BARAT"},{"id":"5316","nama":"KAB. NAGEKEO"},{"id":"5317","nama":"KAB. SUMBA TENGAH"},{"id":"5318","nama":"KAB. SUMBA BARAT DAYA"},{"id":"5319","nama":"KAB. MANGGARAI TIMUR"},{"id":"5320","nama":"KAB. SABU RAIJUA"},{"id":"5321","nama":"KAB. MALAKA"},{"id":"5371","nama":"KOTA KUPANG"}]