[{"id":"6101","nama":"KAB. SAMBAS"},{"id":"6102","nama":"KAB. MEMPAWAH"},{"id":"6103","nama":"KAB. SANGGAU"},{"id":"6104","nama":"KAB. KETAPANG"},{"id":"6105","nama":"KAB. SINTANG"},{"id":"6106","nama":"KAB. KAPUAS HULU"},{"id":"6107","nama":"KAB. BENGKAYANG"},{"id":"6108","nama":"KAB. LANDAK"},{"id":"6109","nama":"KAB. SEKADAU"},{"id":"6110","nama":"KAB. MELAWI"},{"id":"6111","nama":"KAB. KAYONG UTARA"},{"id":"6112","nama":"KAB. KUBU RAYA"},{"id":"6171","nama":"KOTA PONTIANAK"},{"id":"6172","nama":"KOTA SINGKAWANG"}]