[{"id":"6201","nama":"KAB. KOTAWARINGIN BARAT"},{"id":"6202","nama":"KAB. KOTAWARINGIN TIMUR"},{"id":"6203","nama":"KAB. KAPUAS"},{"id":"6204","nama":"KAB. BARITO SELATAN"},{"id":"6205","nama":"KAB. BARITO UTARA"},{"id":"6206","nama":"KAB. KATINGAN"},{"id":"6207","nama":"KAB. SERUYAN"},{"id":"6208","nama":"KAB. SUKAMARA"},{"id":"6209","nama":"KAB. LAMANDAU"},{"id":"6210","nama":"KAB. GUNUNG MAS"},{"id":"6211","nama":"KAB. PULANG PISAU"},{"id":"6212","nama":"KAB. MURUNG RAYA"},{"id":"6213","nama":"KAB. BARITO TIMUR"},{"id":"6271","nama":"KOTA PALANGKARAYA"}]