[{"id":"7301","nama":"KAB. KEPULAUAN SELAYAR"},{"id":"7302","nama":"KAB. BULUKUMBA"},{"id":"7303","nama":"KAB. BANTAENG"},{"id":"7304","nama":"KAB. JENEPONTO"},{"id":"7305","nama":"KAB. TAKALAR"},{"id":"7306","nama":"KAB. GOWA"},{"id":"7307","nama":"KAB. SINJAI"},{"id":"7308","nama":"KAB. BONE"},{"id":"7309","nama":"KAB. MAROS"},{"id":"7310","nama":"KAB. PANGKAJENE KEPULAUAN"},{"id":"7311","nama":"KAB. BARRU"},{"id":"7312","nama":"KAB. SOPPENG"},{"id":"7313","nama":"KAB. WAJO"},{"id":"7314","nama":"KAB. SIDENRENG RAPPANG"},{"id":"7315","nama":"KAB. PINRANG"},{"id":"7316","nama":"KAB. ENREKANG"},{"id":"7317","nama":"KAB. LUWU"},{"id":"7318","nama":"KAB. TANA TORAJA"},{"id":"7322","nama":"KAB. LUWU UTARA"},{"id":"7324","nama":"KAB. LUWU TIMUR"},{"id":"7326","nama":"KAB. TORAJA UTARA"},{"id":"7371","nama":"KOTA MAKASSAR"},{"id":"7372","nama":"KOTA PARE PARE"},{"id":"7373","nama":"KOTA PALOPO"}]